,timestamp,mx,my,mz,mAc
0,5000.0,60.65,-20.03,43.79,ACCURACY_BAD
1,5100.0,60.65,-20.03,43.79,ACCURACY_BAD
2,5200.0,60.65,-20.03,43.79,ACCURACY_BAD
3,5300.0,60.65,-20.03,43.79,ACCURACY_BAD
4,5400.0,57.84,-18.65,46.37,ACCURACY_BAD
5,5500.0,57.84,-18.65,46.37,ACCURACY_BAD
6,5600.0,57.84,-18.65,46.37,ACCURACY_BAD
7,5700.0,52.25,-17.57,45.29,ACCURACY_BAD
8,5800.0,52.25,-17.57,45.29,ACCURACY_BAD
9,5900.0,52.25,-17.57,45.29,ACCURACY_BAD
10,6000.0,48.77,-17.21,39.71,ACCURACY_BAD
11,6100.0,48.77,-17.21,39.71,ACCURACY_BAD
12,6200.0,48.77,-17.21,39.71,ACCURACY_BAD
13,6300.0,43.91,-9.23,39.47,ACCURACY_BAD
14,6400.0,43.91,-9.23,39.47,ACCURACY_BAD
15,6500.0,43.91,-9.23,39.47,ACCURACY_BAD
16,6600.0,46.02,-14.34,42.11,ACCURACY_BAD
17,6700.0,46.02,-14.34,42.11,ACCURACY_BAD
18,6800.0,46.02,-14.34,42.11,ACCURACY_BAD
19,6900.0,46.02,-14.34,42.11,ACCURACY_BAD
20,7000.0,48.11,-12.59,43.37,ACCURACY_BAD
21,7100.0,48.11,-12.59,43.37,ACCURACY_BAD
22,7200.0,49.5,-11.03,47.39,ACCURACY_BAD
23,7300.0,49.5,-11.03,47.39,ACCURACY_BAD
24,7400.0,48.77,-7.79,46.37,ACCURACY_BAD
25,7500.0,48.77,-7.79,46.37,ACCURACY_BAD
26,7600.0,48.77,-7.79,46.37,ACCURACY_BAD
27,7700.0,47.39,-10.85,44.63,ACCURACY_BAD
28,7800.0,47.39,-10.85,44.63,ACCURACY_BAD
29,7900.0,47.39,-10.85,44.63,ACCURACY_BAD
30,8000.0,46.68,-10.5,43.37,ACCURACY_BAD
31,8100.0,46.68,-10.5,43.37,ACCURACY_BAD
32,8200.0,46.68,-10.5,43.37,ACCURACY_BAD
33,8300.0,51.59,-7.25,51.47,ACCURACY_BAD
34,8400.0,51.59,-7.25,51.47,ACCURACY_BAD
35,8500.0,51.59,-7.25,51.47,ACCURACY_BAD
36,8600.0,46.68,-1.62,47.63,ACCURACY_BAD
37,8700.0,46.68,-1.62,47.63,ACCURACY_BAD
38,8800.0,46.68,-1.62,47.63,ACCURACY_BAD
39,8900.0,48.77,-2.7,50.87,ACCURACY_BAD
40,9000.0,48.77,-2.7,50.87,ACCURACY_BAD
41,9100.0,48.77,-2.7,50.87,ACCURACY_BAD
42,9200.0,51.59,5.51,49.97,ACCURACY_BAD
43,9300.0,51.59,5.51,49.97,ACCURACY_BAD
44,9400.0,51.59,5.51,49.97,ACCURACY_BAD
45,9500.0,56.45,8.22,52.97,ACCURACY_BAD
46,9600.0,56.45,8.22,52.97,ACCURACY_BAD
47,9700.0,56.45,8.22,52.97,ACCURACY_BAD
48,9800.0,55.07,-4.44,53.87,ACCURACY_BAD
49,9900.0,55.07,-4.44,53.87,ACCURACY_BAD
50,10000.0,51.59,-11.03,49.55,ACCURACY_BAD
51,10100.0,51.59,-11.03,49.55,ACCURACY_BAD
52,10200.0,51.59,-11.03,49.55,ACCURACY_BAD
53,10300.0,50.15,-19.79,41.04,ACCURACY_BAD
54,10400.0,50.15,-19.79,41.04,ACCURACY_BAD
55,10500.0,50.15,-19.79,41.04,ACCURACY_BAD
56,10600.0,49.5,-15.65,43.79,ACCURACY_BAD
57,10700.0,49.5,-15.65,43.79,ACCURACY_BAD
58,10800.0,49.5,-15.65,43.79,ACCURACY_BAD
59,10900.0,52.97,-9.71,49.97,ACCURACY_BAD
60,11000.0,52.97,-9.71,49.97,ACCURACY_BAD
61,11100.0,50.87,-7.98,49.2,ACCURACY_BAD
62,11200.0,50.87,-7.98,49.2,ACCURACY_BAD
63,11300.0,50.87,-7.98,49.2,ACCURACY_BAD
64,11400.0,49.5,-12.42,44.87,ACCURACY_BAD
65,11500.0,49.5,-12.42,44.87,ACCURACY_BAD
66,11600.0,49.5,-12.42,44.87,ACCURACY_BAD
67,11700.0,53.69,-19.61,40.37,ACCURACY_BAD
68,11800.0,53.69,-19.61,40.37,ACCURACY_BAD
69,11900.0,57.84,-22.92,39.29,ACCURACY_BAD
70,12000.0,57.84,-22.92,39.29,ACCURACY_BAD
71,12100.0,57.84,-22.92,39.29,ACCURACY_BAD
72,12200.0,53.69,-18.29,40.79,ACCURACY_BAD
73,12300.0,53.69,-18.29,40.79,ACCURACY_BAD
74,12400.0,53.69,-18.29,40.79,ACCURACY_BAD
75,12500.0,50.87,-17.21,39.71,ACCURACY_BAD
76,12600.0,50.87,-17.21,39.71,ACCURACY_BAD
77,12700.0,48.11,-17.03,36.95,ACCURACY_BAD
78,12800.0,48.11,-17.03,36.95,ACCURACY_BAD
79,12900.0,48.11,-17.03,36.95,ACCURACY_BAD
80,13000.0,49.5,-16.37,41.45,ACCURACY_BAD
81,13100.0,49.5,-16.37,41.45,ACCURACY_BAD
82,13200.0,55.07,-19.85,38.87,ACCURACY_BAD
83,13300.0,55.07,-19.85,38.87,ACCURACY_BAD
84,13400.0,55.07,-19.85,38.87,ACCURACY_BAD
85,13500.0,55.07,-23.21,35.7,ACCURACY_BAD
86,13600.0,55.07,-23.21,35.7,ACCURACY_BAD
87,13700.0,55.07,-23.21,35.7,ACCURACY_BAD
88,13800.0,52.97,-21.95,33.95,ACCURACY_BAD
89,13900.0,52.97,-21.95,33.95,ACCURACY_BAD
90,14000.0,52.97,-21.95,33.95,ACCURACY_BAD
91,14100.0,55.73,-24.84,29.51,ACCURACY_BAD
92,14200.0,55.73,-24.84,29.51,ACCURACY_BAD
93,14300.0,56.45,-26.57,32.45,ACCURACY_BAD
94,14400.0,56.45,-26.57,32.45,ACCURACY_BAD
95,14500.0,56.45,-26.57,32.45,ACCURACY_BAD
96,14600.0,55.07,-23.45,34.13,ACCURACY_BAD
97,14700.0,55.07,-23.45,34.13,ACCURACY_BAD
98,14800.0,55.07,-23.45,34.13,ACCURACY_BAD
99,14900.0,57.84,-23.76,28.37,ACCURACY_BAD
100,15000.0,57.84,-23.76,28.37,ACCURACY_BAD
101,15100.0,55.73,-23.39,22.79,ACCURACY_BAD
102,15200.0,55.73,-23.39,22.79,ACCURACY_BAD
103,15300.0,55.73,-23.39,22.79,ACCURACY_BAD
104,15400.0,55.07,-22.31,23.87,ACCURACY_BAD
105,15500.0,55.07,-22.31,23.87,ACCURACY_BAD
106,15600.0,55.07,-21.35,27.77,ACCURACY_BAD
107,15700.0,55.07,-21.35,27.77,ACCURACY_BAD
108,15800.0,55.07,-21.35,27.77,ACCURACY_BAD
109,15900.0,56.45,-23.15,26.45,ACCURACY_BAD
110,16000.0,56.45,-23.15,26.45,ACCURACY_BAD
111,16100.0,55.73,-23.87,33.36,ACCURACY_BAD
112,16200.0,55.73,-23.87,33.36,ACCURACY_BAD
113,16300.0,52.25,-18.53,39.29,ACCURACY_BAD
114,16400.0,52.25,-18.53,39.29,ACCURACY_BAD
115,16500.0,52.25,-18.53,39.29,ACCURACY_BAD
116,16600.0,51.59,-16.73,44.87,ACCURACY_BAD
117,16700.0,51.59,-16.73,44.87,ACCURACY_BAD
118,16800.0,51.59,-16.73,44.87,ACCURACY_BAD
119,16900.0,53.69,-14.57,47.03,ACCURACY_BAD
120,17000.0,53.69,-14.57,47.03,ACCURACY_BAD
121,17100.0,55.07,-4.44,51.71,ACCURACY_BAD
122,17200.0,55.07,-4.44,51.71,ACCURACY_BAD
123,17300.0,55.07,-4.44,51.71,ACCURACY_BAD
124,17400.0,56.45,-6.59,53.87,ACCURACY_BAD
125,17500.0,56.45,-6.59,53.87,ACCURACY_BAD
126,17600.0,56.45,-6.59,53.87,ACCURACY_BAD
127,17700.0,55.07,-21.53,43.97,ACCURACY_BAD
128,17800.0,55.07,-21.53,43.97,ACCURACY_BAD
129,17900.0,55.07,-21.53,43.97,ACCURACY_BAD
130,18000.0,52.25,-19.61,26.87,ACCURACY_BAD
131,18100.0,52.25,-19.61,26.87,ACCURACY_BAD
132,18200.0,48.77,-19.19,39.05,ACCURACY_BAD
133,18300.0,48.77,-19.19,39.05,ACCURACY_BAD
134,18400.0,48.77,-19.19,39.05,ACCURACY_BAD
135,18500.0,48.77,-13.25,47.45,ACCURACY_BAD
136,18600.0,48.77,-13.25,47.45,ACCURACY_BAD
137,18700.0,48.77,-13.25,47.45,ACCURACY_BAD
138,18800.0,52.25,-12.47,51.89,ACCURACY_BAD
139,18900.0,52.25,-12.47,51.89,ACCURACY_BAD
140,19000.0,52.25,-12.47,51.89,ACCURACY_BAD
141,19100.0,59.27,-19.92,50.21,ACCURACY_BAD
142,19200.0,59.27,-19.92,50.21,ACCURACY_BAD
143,19300.0,61.31,-24.18,43.13,ACCURACY_BAD
144,19400.0,61.31,-24.18,43.13,ACCURACY_BAD
145,19500.0,61.31,-24.18,43.13,ACCURACY_BAD
146,19600.0,49.5,-21.0,39.95,ACCURACY_BAD
147,19700.0,49.5,-21.0,39.95,ACCURACY_BAD
148,19800.0,49.5,-21.0,39.95,ACCURACY_BAD
149,19900.0,51.59,-15.59,45.95,ACCURACY_BAD
150,20000.0,51.59,-15.59,45.95,ACCURACY_BAD
151,20100.0,51.59,-15.59,45.95,ACCURACY_BAD
152,20200.0,64.13,-23.87,46.79,ACCURACY_BAD
153,20300.0,64.13,-23.87,46.79,ACCURACY_BAD
154,20400.0,64.13,-23.87,46.79,ACCURACY_BAD
155,20500.0,76.68,-25.68,43.37,ACCURACY_BAD
156,20600.0,76.68,-25.68,43.37,ACCURACY_BAD
157,20700.0,76.68,-25.68,43.37,ACCURACY_BAD
158,20800.0,71.81,-26.45,38.87,ACCURACY_BAD
159,20900.0,71.81,-26.45,38.87,ACCURACY_BAD
160,21000.0,71.81,-26.45,38.87,ACCURACY_BAD
161,21100.0,57.18,-25.61,36.29,ACCURACY_BAD
162,21200.0,57.18,-25.61,36.29,ACCURACY_BAD
163,21300.0,57.18,-25.61,36.29,ACCURACY_BAD
164,21400.0,62.03,-28.5,33.95,ACCURACY_BAD
165,21500.0,62.03,-28.5,33.95,ACCURACY_BAD
166,21600.0,62.03,-28.5,33.95,ACCURACY_BAD
167,21700.0,64.13,-29.51,37.2,ACCURACY_BAD
168,21800.0,64.13,-29.51,37.2,ACCURACY_BAD
169,21900.0,64.13,-29.51,37.2,ACCURACY_BAD
170,22000.0,4.98,-25.85,13.13,ACCURACY_VERYGOOD
171,22100.0,4.98,-25.85,13.13,ACCURACY_VERYGOOD
172,22200.0,2.87,-26.03,15.89,ACCURACY_VERYGOOD
173,22300.0,2.87,-26.03,15.89,ACCURACY_VERYGOOD
174,22400.0,2.87,-26.03,15.89,ACCURACY_VERYGOOD
175,22500.0,-8.27,-25.97,4.44,ACCURACY_VERYGOOD
176,22600.0,-8.27,-25.97,4.44,ACCURACY_VERYGOOD
177,22700.0,-8.27,-25.97,4.44,ACCURACY_VERYGOOD
178,22800.0,-9.0,-27.42,6.83,ACCURACY_VERYGOOD
179,22900.0,-9.0,-27.42,6.83,ACCURACY_VERYGOOD
180,23000.0,-9.0,-27.42,6.83,ACCURACY_VERYGOOD
181,23100.0,1.31,-29.21,12.53,ACCURACY_VERYGOOD
182,23200.0,1.31,-29.21,12.53,ACCURACY_VERYGOOD
183,23300.0,1.31,-29.21,12.53,ACCURACY_VERYGOOD
184,23400.0,12.23,-24.35,15.35,ACCURACY_VERYGOOD
185,23500.0,12.23,-24.35,15.35,ACCURACY_VERYGOOD
186,23600.0,18.77,-23.93,11.88,ACCURACY_VERYGOOD
187,23700.0,18.77,-23.93,11.88,ACCURACY_VERYGOOD
188,23800.0,18.77,-23.93,11.88,ACCURACY_VERYGOOD
189,23900.0,18.77,-25.73,8.46,ACCURACY_VERYGOOD
190,24000.0,18.77,-25.73,8.46,ACCURACY_VERYGOOD
191,24100.0,18.77,-25.73,8.46,ACCURACY_VERYGOOD
192,24200.0,10.26,-27.65,9.89,ACCURACY_VERYGOOD
193,24300.0,10.26,-27.65,9.89,ACCURACY_VERYGOOD
194,24400.0,10.26,-27.65,9.89,ACCURACY_VERYGOOD
195,24500.0,8.09,-30.29,9.0,ACCURACY_VERYGOOD
196,24600.0,8.09,-30.29,9.0,ACCURACY_VERYGOOD
197,24700.0,8.09,-30.29,9.0,ACCURACY_VERYGOOD
198,24800.0,9.96,-30.42,13.79,ACCURACY_VERYGOOD
199,24900.0,9.96,-30.42,13.79,ACCURACY_VERYGOOD
200,25000.0,9.96,-30.42,13.79,ACCURACY_VERYGOOD
201,25100.0,5.63,-28.07,18.0,ACCURACY_VERYGOOD
202,25200.0,5.63,-28.07,18.0,ACCURACY_VERYGOOD
203,25300.0,5.63,-28.07,18.0,ACCURACY_VERYGOOD
204,25400.0,-5.63,-27.18,17.45,ACCURACY_VERYGOOD
205,25500.0,-5.63,-27.18,17.45,ACCURACY_VERYGOOD
206,25600.0,-3.59,-28.26,14.21,ACCURACY_VERYGOOD
207,25700.0,-3.59,-28.26,14.21,ACCURACY_VERYGOOD
208,25800.0,-3.59,-28.26,14.21,ACCURACY_VERYGOOD
209,25900.0,-0.83,-27.29,20.15,ACCURACY_VERYGOOD
210,26000.0,-0.83,-27.29,20.15,ACCURACY_VERYGOOD
211,26100.0,-0.83,-27.29,20.15,ACCURACY_VERYGOOD
212,26200.0,0.95,-21.05,25.61,ACCURACY_VERYGOOD
213,26300.0,0.95,-21.05,25.61,ACCURACY_VERYGOOD
214,26400.0,0.95,-21.05,25.61,ACCURACY_VERYGOOD
215,26500.0,-5.27,-20.81,24.89,ACCURACY_VERYGOOD
216,26600.0,-5.27,-20.81,24.89,ACCURACY_VERYGOOD
217,26700.0,-5.27,-20.81,24.89,ACCURACY_VERYGOOD
218,26800.0,-9.53,-29.27,12.84,ACCURACY_VERYGOOD
219,26900.0,-9.53,-29.27,12.84,ACCURACY_VERYGOOD
220,27000.0,-9.53,-29.27,12.84,ACCURACY_VERYGOOD
221,27100.0,-6.11,-28.61,8.69,ACCURACY_VERYGOOD
222,27200.0,-6.11,-28.61,8.69,ACCURACY_VERYGOOD
223,27300.0,-2.63,-29.39,11.21,ACCURACY_VERYGOOD
224,27400.0,-2.63,-29.39,11.21,ACCURACY_VERYGOOD
225,27500.0,-2.63,-29.39,11.21,ACCURACY_VERYGOOD
226,27600.0,11.69,-25.97,14.34,ACCURACY_VERYGOOD
227,27700.0,11.69,-25.97,14.34,ACCURACY_VERYGOOD
228,27800.0,11.69,-25.97,14.34,ACCURACY_VERYGOOD
229,27900.0,10.07,-29.15,1.91,ACCURACY_VERYGOOD
230,28000.0,10.07,-29.15,1.91,ACCURACY_VERYGOOD
231,28100.0,10.07,-29.15,1.91,ACCURACY_VERYGOOD
232,28200.0,7.13,-18.18,-22.79,ACCURACY_VERYGOOD
233,28300.0,7.13,-18.18,-22.79,ACCURACY_VERYGOOD
234,28400.0,2.87,-10.61,-28.07,ACCURACY_VERYGOOD
235,28500.0,2.87,-10.61,-28.07,ACCURACY_VERYGOOD
236,28600.0,2.87,-10.61,-28.07,ACCURACY_VERYGOOD
237,28700.0,-4.73,-19.37,-23.81,ACCURACY_VERYGOOD
238,28800.0,-4.73,-19.37,-23.81,ACCURACY_VERYGOOD
239,28900.0,-5.4,-21.0,-20.81,ACCURACY_VERYGOOD
240,29000.0,-5.4,-21.0,-20.81,ACCURACY_VERYGOOD
241,29100.0,-5.4,-21.0,-20.81,ACCURACY_VERYGOOD
242,29200.0,-8.22,-24.6,-14.15,ACCURACY_VERYGOOD
243,29300.0,-8.22,-24.6,-14.15,ACCURACY_VERYGOOD
244,29400.0,-6.11,-28.13,-3.29,ACCURACY_VERYGOOD
245,29500.0,-6.11,-28.13,-3.29,ACCURACY_VERYGOOD
246,29600.0,-6.11,-28.13,-3.29,ACCURACY_VERYGOOD
247,29700.0,-4.01,-26.76,12.65,ACCURACY_VERYGOOD
248,29800.0,-4.01,-26.76,12.65,ACCURACY_VERYGOOD
249,29900.0,-4.01,-26.76,12.65,ACCURACY_VERYGOOD
250,30000.0,2.15,-29.81,8.81,ACCURACY_VERYGOOD
251,30100.0,2.15,-29.81,8.81,ACCURACY_VERYGOOD
252,30200.0,2.15,-29.81,8.81,ACCURACY_VERYGOOD
253,30300.0,9.77,-28.13,3.59,ACCURACY_VERYGOOD
254,30400.0,9.77,-28.13,3.59,ACCURACY_VERYGOOD
255,30500.0,9.77,-28.13,3.59,ACCURACY_VERYGOOD
256,30600.0,15.96,-25.19,-3.17,ACCURACY_VERYGOOD
257,30700.0,15.96,-25.19,-3.17,ACCURACY_VERYGOOD
258,30800.0,14.51,-26.45,-3.59,ACCURACY_VERYGOOD
259,30900.0,14.51,-26.45,-3.59,ACCURACY_VERYGOOD
260,31000.0,14.51,-26.45,-3.59,ACCURACY_VERYGOOD
261,31100.0,-0.11,-29.51,-5.27,ACCURACY_VERYGOOD
262,31200.0,-0.11,-29.51,-5.27,ACCURACY_VERYGOOD
263,31300.0,-0.11,-29.51,-5.27,ACCURACY_VERYGOOD
264,31400.0,-0.83,-30.89,1.25,ACCURACY_VERYGOOD
265,31500.0,-0.83,-30.89,1.25,ACCURACY_VERYGOOD
266,31600.0,-0.83,-30.89,1.25,ACCURACY_VERYGOOD
267,31700.0,6.71,-30.17,10.67,ACCURACY_VERYGOOD
268,31800.0,6.71,-30.17,10.67,ACCURACY_VERYGOOD
269,31900.0,6.71,-30.17,10.67,ACCURACY_VERYGOOD
270,32000.0,-2.39,-29.03,9.47,ACCURACY_VERYGOOD
271,32100.0,-2.39,-29.03,9.47,ACCURACY_VERYGOOD
272,32200.0,-5.21,-31.01,4.55,ACCURACY_VERYGOOD
273,32300.0,-5.21,-31.01,4.55,ACCURACY_VERYGOOD
274,32400.0,-5.21,-31.01,4.55,ACCURACY_VERYGOOD
275,32500.0,-5.21,-29.51,-1.97,ACCURACY_VERYGOOD
276,32600.0,-5.21,-29.51,-1.97,ACCURACY_VERYGOOD
277,32700.0,-5.21,-29.51,-1.97,ACCURACY_VERYGOOD
278,32800.0,5.15,-31.37,1.55,ACCURACY_VERYGOOD
279,32900.0,5.15,-31.37,1.55,ACCURACY_VERYGOOD
280,33000.0,9.3,-28.37,-0.95,ACCURACY_VERYGOOD
281,33100.0,9.3,-28.37,-0.95,ACCURACY_VERYGOOD
282,33200.0,11.27,-26.76,-12.47,ACCURACY_VERYGOOD
283,33300.0,11.27,-26.76,-12.47,ACCURACY_VERYGOOD
284,33400.0,11.27,-26.76,-12.47,ACCURACY_VERYGOOD
285,33500.0,3.53,-21.0,-23.34,ACCURACY_VERYGOOD
286,33600.0,3.53,-21.0,-23.34,ACCURACY_VERYGOOD
287,33700.0,3.53,-21.0,-23.34,ACCURACY_VERYGOOD
288,33800.0,4.92,-24.47,-21.6,ACCURACY_VERYGOOD
289,33900.0,4.92,-24.47,-21.6,ACCURACY_VERYGOOD
290,34000.0,4.92,-24.47,-21.6,ACCURACY_VERYGOOD
291,34100.0,9.05,-18.11,-25.19,ACCURACY_VERYGOOD
292,34200.0,9.05,-18.11,-25.19,ACCURACY_VERYGOOD
293,34300.0,9.05,-18.11,-25.19,ACCURACY_VERYGOOD
294,34400.0,6.17,-20.34,-25.13,ACCURACY_VERYGOOD
295,34500.0,6.17,-20.34,-25.13,ACCURACY_VERYGOOD
296,34600.0,6.17,-20.34,-25.13,ACCURACY_VERYGOOD
297,34700.0,1.97,-30.11,-6.29,ACCURACY_VERYGOOD
298,34800.0,1.97,-30.11,-6.29,ACCURACY_VERYGOOD
299,34900.0,1.97,-30.11,-6.29,ACCURACY_VERYGOOD
300,35000.0,-7.07,-28.26,-7.13,ACCURACY_VERYGOOD
301,35100.0,-7.07,-28.26,-7.13,ACCURACY_VERYGOOD
302,35200.0,-7.07,-28.26,-7.13,ACCURACY_VERYGOOD
303,35300.0,-8.39,-20.93,-18.18,ACCURACY_VERYGOOD
304,35400.0,-8.39,-20.93,-18.18,ACCURACY_VERYGOOD
305,35500.0,-1.43,-10.61,-29.69,ACCURACY_VERYGOOD
306,35600.0,-1.43,-10.61,-29.69,ACCURACY_VERYGOOD
307,35700.0,2.7,-19.31,-25.37,ACCURACY_VERYGOOD
308,35800.0,2.7,-19.31,-25.37,ACCURACY_VERYGOOD
309,35900.0,2.7,-19.31,-25.37,ACCURACY_VERYGOOD
310,36000.0,11.63,-23.93,-15.53,ACCURACY_VERYGOOD
311,36100.0,11.63,-23.93,-15.53,ACCURACY_VERYGOOD
312,36200.0,8.81,-21.42,-21.05,ACCURACY_VERYGOOD
313,36300.0,8.81,-21.42,-21.05,ACCURACY_VERYGOOD
314,36400.0,8.81,-21.42,-21.05,ACCURACY_VERYGOOD
315,36500.0,-7.19,-17.03,-23.1,ACCURACY_VERYGOOD
316,36600.0,-7.19,-17.03,-23.1,ACCURACY_VERYGOOD
317,36700.0,-7.19,-17.03,-23.1,ACCURACY_VERYGOOD
318,36800.0,-15.53,-24.84,-5.75,ACCURACY_VERYGOOD
319,36900.0,-15.53,-24.84,-5.75,ACCURACY_VERYGOOD
320,37000.0,-15.53,-24.84,-5.75,ACCURACY_VERYGOOD
321,37100.0,-11.27,-26.93,-3.59,ACCURACY_VERYGOOD
322,37200.0,-11.27,-26.93,-3.59,ACCURACY_VERYGOOD
323,37300.0,-11.27,-26.93,-3.59,ACCURACY_VERYGOOD
324,37400.0,-7.79,-28.5,-7.73,ACCURACY_VERYGOOD
325,37500.0,-7.79,-28.5,-7.73,ACCURACY_VERYGOOD
326,37600.0,-7.79,-28.5,-7.73,ACCURACY_VERYGOOD
327,37700.0,-0.83,-27.23,-13.61,ACCURACY_VERYGOOD
328,37800.0,-0.83,-27.23,-13.61,ACCURACY_VERYGOOD
329,37900.0,-0.83,-27.23,-13.61,ACCURACY_VERYGOOD
330,38000.0,-2.93,-25.73,-13.85,ACCURACY_VERYGOOD
331,38100.0,-2.93,-25.73,-13.85,ACCURACY_VERYGOOD
332,38200.0,-2.93,-25.73,-13.85,ACCURACY_VERYGOOD
333,38300.0,-5.03,-26.51,-7.07,ACCURACY_VERYGOOD
334,38400.0,-5.03,-26.51,-7.07,ACCURACY_VERYGOOD
335,38500.0,-5.03,-26.51,-7.07,ACCURACY_VERYGOOD
336,38600.0,-2.93,-27.05,-0.83,ACCURACY_VERYGOOD
337,38700.0,-2.93,-27.05,-0.83,ACCURACY_VERYGOOD
338,38800.0,-2.93,-27.05,-0.83,ACCURACY_VERYGOOD
339,38900.0,3.29,-28.13,2.27,ACCURACY_VERYGOOD
340,39000.0,3.29,-28.13,2.27,ACCURACY_VERYGOOD
341,39100.0,7.44,-26.51,2.03,ACCURACY_VERYGOOD
342,39200.0,7.44,-26.51,2.03,ACCURACY_VERYGOOD
343,39300.0,13.73,-26.09,0.77,ACCURACY_VERYGOOD
344,39400.0,13.73,-26.09,0.77,ACCURACY_VERYGOOD
345,39500.0,13.73,-26.09,0.77,ACCURACY_VERYGOOD
346,39600.0,14.39,-25.31,-3.83,ACCURACY_VERYGOOD
347,39700.0,14.39,-25.31,-3.83,ACCURACY_VERYGOOD
348,39800.0,10.19,-25.31,-3.83,ACCURACY_VERYGOOD
349,39900.0,10.19,-25.31,-3.83,ACCURACY_VERYGOOD
350,40000.0,10.19,-25.31,-3.83,ACCURACY_VERYGOOD
351,40100.0,4.67,-29.93,-5.33,ACCURACY_VERYGOOD
352,40200.0,4.67,-29.93,-5.33,ACCURACY_VERYGOOD
353,40300.0,4.67,-29.93,-5.33,ACCURACY_VERYGOOD
354,40400.0,5.33,-30.11,-0.41,ACCURACY_VERYGOOD
355,40500.0,5.33,-30.11,-0.41,ACCURACY_VERYGOOD
356,40600.0,5.33,-30.11,-0.41,ACCURACY_VERYGOOD
357,40700.0,4.61,-29.15,3.35,ACCURACY_VERYGOOD
358,40800.0,4.61,-29.15,3.35,ACCURACY_VERYGOOD
359,40900.0,4.61,-29.15,3.35,ACCURACY_VERYGOOD
360,41000.0,7.37,-25.5,-7.5,ACCURACY_VERYGOOD
361,41100.0,7.37,-25.5,-7.5,ACCURACY_VERYGOOD
362,41200.0,6.65,-24.71,-12.17,ACCURACY_VERYGOOD
363,41300.0,6.65,-24.71,-12.17,ACCURACY_VERYGOOD
364,41400.0,6.65,-24.71,-12.17,ACCURACY_VERYGOOD
365,41500.0,3.77,4.73,-31.61,ACCURACY_VERYGOOD
366,41600.0,3.77,4.73,-31.61,ACCURACY_VERYGOOD
367,41700.0,3.77,4.73,-31.61,ACCURACY_VERYGOOD
368,41800.0,4.92,30.35,-13.79,ACCURACY_VERYGOOD
369,41900.0,4.92,30.35,-13.79,ACCURACY_VERYGOOD
370,42000.0,6.65,32.09,-1.13,ACCURACY_VERYGOOD
371,42100.0,6.65,32.09,-1.13,ACCURACY_VERYGOOD
372,42200.0,6.65,32.09,-1.13,ACCURACY_VERYGOOD
373,42300.0,15.53,29.15,4.98,ACCURACY_VERYGOOD
374,42400.0,15.53,29.15,4.98,ACCURACY_VERYGOOD
375,42500.0,14.03,32.27,6.0,ACCURACY_VERYGOOD
376,42600.0,14.03,32.27,6.0,ACCURACY_VERYGOOD
377,42700.0,14.03,32.27,6.0,ACCURACY_VERYGOOD
378,42800.0,13.79,36.41,-1.19,ACCURACY_VERYGOOD
379,42900.0,13.79,36.41,-1.19,ACCURACY_VERYGOOD
380,43000.0,13.31,34.25,-14.57,ACCURACY_VERYGOOD
381,43100.0,13.31,34.25,-14.57,ACCURACY_VERYGOOD
382,43200.0,14.39,18.77,-26.51,ACCURACY_VERYGOOD
383,43300.0,14.39,18.77,-26.51,ACCURACY_VERYGOOD
384,43400.0,14.39,18.77,-26.51,ACCURACY_VERYGOOD
385,43500.0,14.39,18.77,-26.51,ACCURACY_VERYGOOD
386,43600.0,8.76,10.67,-31.26,ACCURACY_VERYGOOD
387,43700.0,8.76,10.67,-31.26,ACCURACY_VERYGOOD
388,43800.0,6.65,16.92,-25.61,ACCURACY_VERYGOOD
389,43900.0,6.65,16.92,-25.61,ACCURACY_VERYGOOD
390,44000.0,6.65,16.92,-25.61,ACCURACY_VERYGOOD
391,44100.0,9.42,28.68,-10.43,ACCURACY_VERYGOOD
392,44200.0,9.42,28.68,-10.43,ACCURACY_VERYGOOD
393,44300.0,9.42,28.68,-10.43,ACCURACY_VERYGOOD
394,44400.0,16.97,25.55,7.61,ACCURACY_VERYGOOD
395,44500.0,16.97,25.55,7.61,ACCURACY_VERYGOOD
396,44600.0,19.79,19.73,12.05,ACCURACY_VERYGOOD
397,44700.0,19.79,19.73,12.05,ACCURACY_VERYGOOD
398,44800.0,19.79,19.73,12.05,ACCURACY_VERYGOOD
399,44900.0,19.79,19.73,12.05,ACCURACY_VERYGOOD
400,45000.0,21.23,17.76,7.13,ACCURACY_VERYGOOD
401,45100.0,21.23,17.76,7.13,ACCURACY_VERYGOOD
402,45200.0,22.68,20.1,4.44,ACCURACY_VERYGOOD
403,45300.0,22.68,20.1,4.44,ACCURACY_VERYGOOD
404,45400.0,19.19,20.52,12.3,ACCURACY_VERYGOOD
405,45500.0,19.19,20.52,12.3,ACCURACY_VERYGOOD
406,45600.0,19.19,20.52,12.3,ACCURACY_VERYGOOD
407,45700.0,12.96,22.97,16.02,ACCURACY_VERYGOOD
408,45800.0,12.96,22.97,16.02,ACCURACY_VERYGOOD
409,45900.0,17.21,22.19,3.05,ACCURACY_VERYGOOD
410,46000.0,17.21,22.19,3.05,ACCURACY_VERYGOOD
411,46100.0,17.21,22.19,3.05,ACCURACY_VERYGOOD
412,46200.0,12.35,22.26,18.6,ACCURACY_VERYGOOD
413,46300.0,12.35,22.26,18.6,ACCURACY_VERYGOOD
414,46400.0,8.15,27.42,16.02,ACCURACY_VERYGOOD
415,46500.0,8.15,27.42,16.02,ACCURACY_VERYGOOD
416,46600.0,8.15,27.42,16.02,ACCURACY_VERYGOOD
417,46700.0,4.67,29.69,11.09,ACCURACY_VERYGOOD
418,46800.0,4.67,29.69,11.09,ACCURACY_VERYGOOD
419,46900.0,4.67,29.69,11.09,ACCURACY_VERYGOOD
420,47000.0,9.53,29.93,12.59,ACCURACY_VERYGOOD
421,47100.0,9.53,29.93,12.59,ACCURACY_VERYGOOD
422,47200.0,9.53,29.93,12.59,ACCURACY_VERYGOOD
423,47300.0,9.53,29.93,12.59,ACCURACY_VERYGOOD
424,47400.0,21.42,21.53,7.01,ACCURACY_VERYGOOD
425,47500.0,21.42,21.53,7.01,ACCURACY_VERYGOOD
426,47600.0,14.46,26.21,12.77,ACCURACY_VERYGOOD
427,47700.0,14.46,26.21,12.77,ACCURACY_VERYGOOD
428,47800.0,14.46,26.21,12.77,ACCURACY_VERYGOOD
429,47900.0,13.67,23.39,21.05,ACCURACY_VERYGOOD
430,48000.0,13.67,23.39,21.05,ACCURACY_VERYGOOD
431,48100.0,13.67,23.39,21.05,ACCURACY_VERYGOOD
432,48200.0,20.63,18.95,14.57,ACCURACY_VERYGOOD
433,48300.0,20.63,18.95,14.57,ACCURACY_VERYGOOD
434,48400.0,20.63,18.95,14.57,ACCURACY_VERYGOOD
435,48500.0,20.63,18.95,14.57,ACCURACY_VERYGOOD
436,48600.0,22.07,15.53,9.23,ACCURACY_VERYGOOD
437,48700.0,22.07,15.53,9.23,ACCURACY_VERYGOOD
438,48800.0,11.57,24.29,20.63,ACCURACY_VERYGOOD
439,48900.0,11.57,24.29,20.63,ACCURACY_VERYGOOD
440,49000.0,11.57,24.29,20.63,ACCURACY_VERYGOOD
441,49100.0,15.77,21.18,18.89,ACCURACY_VERYGOOD
442,49200.0,15.77,21.18,18.89,ACCURACY_VERYGOOD
443,49300.0,15.77,21.18,18.89,ACCURACY_VERYGOOD
444,49400.0,8.81,22.31,17.81,ACCURACY_VERYGOOD
445,49500.0,8.81,22.31,17.81,ACCURACY_VERYGOOD
446,49600.0,8.81,22.31,17.81,ACCURACY_VERYGOOD
447,49700.0,-1.62,20.15,22.13,ACCURACY_VERYGOOD
448,49800.0,-1.62,20.15,22.13,ACCURACY_VERYGOOD
449,49900.0,-1.62,20.15,22.13,ACCURACY_VERYGOOD
450,50000.0,-15.53,20.15,20.03,ACCURACY_VERYGOOD
451,50100.0,-15.53,20.15,20.03,ACCURACY_VERYGOOD
452,50200.0,-22.5,19.26,16.19,ACCURACY_VERYGOOD
453,50300.0,-22.5,19.26,16.19,ACCURACY_VERYGOOD
454,50400.0,-22.5,19.26,16.19,ACCURACY_VERYGOOD
455,50500.0,-21.71,19.61,17.03,ACCURACY_VERYGOOD
456,50600.0,-21.71,19.61,17.03,ACCURACY_VERYGOOD
457,50700.0,-5.63,28.01,13.38,ACCURACY_VERYGOOD
458,50800.0,-5.63,28.01,13.38,ACCURACY_VERYGOOD
459,50900.0,-0.05,23.93,17.03,ACCURACY_VERYGOOD
460,51000.0,-0.05,23.93,17.03,ACCURACY_VERYGOOD
461,51100.0,-0.05,23.93,17.03,ACCURACY_VERYGOOD
462,51200.0,-7.07,22.5,19.37,ACCURACY_VERYGOOD
463,51300.0,-7.07,22.5,19.37,ACCURACY_VERYGOOD
464,51400.0,-7.07,22.5,19.37,ACCURACY_VERYGOOD
465,51500.0,-16.79,23.03,15.29,ACCURACY_VERYGOOD
466,51600.0,-16.79,23.03,15.29,ACCURACY_VERYGOOD
467,51700.0,-16.79,23.03,15.29,ACCURACY_VERYGOOD
468,51800.0,-22.31,23.81,10.61,ACCURACY_VERYGOOD
469,51900.0,-22.31,23.81,10.61,ACCURACY_VERYGOOD
470,52000.0,-22.31,23.81,10.61,ACCURACY_VERYGOOD
471,52100.0,-12.47,25.97,12.71,ACCURACY_VERYGOOD
472,52200.0,-12.47,25.97,12.71,ACCURACY_VERYGOOD
473,52300.0,-12.47,25.97,12.71,ACCURACY_VERYGOOD
474,52400.0,-9.05,28.07,6.42,ACCURACY_VERYGOOD
475,52500.0,-9.05,28.07,6.42,ACCURACY_VERYGOOD
476,52600.0,-9.05,28.07,6.42,ACCURACY_VERYGOOD
477,52700.0,-21.6,23.69,2.09,ACCURACY_VERYGOOD
478,52800.0,-21.6,23.69,2.09,ACCURACY_VERYGOOD
479,52900.0,-26.45,16.68,3.35,ACCURACY_VERYGOOD
480,53000.0,-26.45,16.68,3.35,ACCURACY_VERYGOOD
481,53100.0,-23.63,17.45,12.11,ACCURACY_VERYGOOD
482,53200.0,-23.63,17.45,12.11,ACCURACY_VERYGOOD
483,53300.0,-18.71,15.17,21.23,ACCURACY_VERYGOOD
484,53400.0,-18.71,15.17,21.23,ACCURACY_VERYGOOD
485,53500.0,-18.71,15.17,21.23,ACCURACY_VERYGOOD
486,53600.0,-14.57,8.27,24.65,ACCURACY_VERYGOOD
487,53700.0,-14.57,8.27,24.65,ACCURACY_VERYGOOD
488,53800.0,-14.57,8.27,24.65,ACCURACY_VERYGOOD
489,53900.0,-10.38,15.23,25.55,ACCURACY_VERYGOOD
490,54000.0,-10.38,15.23,25.55,ACCURACY_VERYGOOD
491,54100.0,-10.38,15.23,25.55,ACCURACY_VERYGOOD
492,54200.0,-4.79,12.65,26.87,ACCURACY_VERYGOOD
493,54300.0,-4.79,12.65,26.87,ACCURACY_VERYGOOD
494,54400.0,-4.79,12.65,26.87,ACCURACY_VERYGOOD
495,54500.0,-1.31,4.61,29.21,ACCURACY_VERYGOOD
496,54600.0,-1.31,4.61,29.21,ACCURACY_VERYGOOD
497,54700.0,-1.31,4.61,29.21,ACCURACY_VERYGOOD
498,54800.0,-6.89,12.23,30.29,ACCURACY_VERYGOOD
499,54900.0,-6.89,12.23,30.29,ACCURACY_VERYGOOD
500,55000.0,-6.89,12.23,30.29,ACCURACY_VERYGOOD
501,55100.0,-15.96,14.81,24.71,ACCURACY_VERYGOOD
502,55200.0,-15.96,14.81,24.71,ACCURACY_VERYGOOD
503,55300.0,-15.96,14.81,24.71,ACCURACY_VERYGOOD
504,55400.0,-19.37,17.15,24.05,ACCURACY_VERYGOOD
505,55500.0,-19.37,17.15,24.05,ACCURACY_VERYGOOD
506,55600.0,-19.37,17.15,24.05,ACCURACY_VERYGOOD
507,55700.0,-5.4,16.73,25.31,ACCURACY_VERYGOOD
508,55800.0,-5.4,16.73,25.31,ACCURACY_VERYGOOD
509,55900.0,-5.4,16.73,25.31,ACCURACY_VERYGOOD
510,56000.0,-0.53,5.46,28.73,ACCURACY_VERYGOOD
511,56100.0,-0.53,5.46,28.73,ACCURACY_VERYGOOD
512,56200.0,-6.77,8.27,26.87,ACCURACY_VERYGOOD
513,56300.0,-6.77,8.27,26.87,ACCURACY_VERYGOOD
514,56400.0,-6.77,8.27,26.87,ACCURACY_VERYGOOD
515,56500.0,-14.46,18.23,20.87,ACCURACY_VERYGOOD
516,56600.0,-14.46,18.23,20.87,ACCURACY_VERYGOOD
517,56700.0,-15.83,21.0,18.89,ACCURACY_VERYGOOD
518,56800.0,-15.83,21.0,18.89,ACCURACY_VERYGOOD
519,56900.0,-3.29,26.87,16.61,ACCURACY_VERYGOOD
520,57000.0,-3.29,26.87,16.61,ACCURACY_VERYGOOD
521,57100.0,-3.29,26.87,16.61,ACCURACY_VERYGOOD
522,57200.0,1.55,30.84,8.76,ACCURACY_VERYGOOD
523,57300.0,1.55,30.84,8.76,ACCURACY_VERYGOOD
524,57400.0,1.55,30.84,8.76,ACCURACY_VERYGOOD
525,57500.0,10.61,22.68,18.05,ACCURACY_VERYGOOD
526,57600.0,10.61,22.68,18.05,ACCURACY_VERYGOOD
527,57700.0,13.38,19.85,17.81,ACCURACY_VERYGOOD
528,57800.0,13.38,19.85,17.81,ACCURACY_VERYGOOD
529,57900.0,13.38,19.85,17.81,ACCURACY_VERYGOOD
530,58000.0,9.23,14.93,24.05,ACCURACY_VERYGOOD
531,58100.0,9.23,14.93,24.05,ACCURACY_VERYGOOD
532,58200.0,9.23,14.93,24.05,ACCURACY_VERYGOOD
533,58300.0,1.62,20.76,21.77,ACCURACY_VERYGOOD
534,58400.0,1.62,20.76,21.77,ACCURACY_VERYGOOD
535,58500.0,1.62,20.76,21.77,ACCURACY_VERYGOOD
536,58600.0,-1.13,12.11,26.03,ACCURACY_VERYGOOD
537,58700.0,-1.13,12.11,26.03,ACCURACY_VERYGOOD
538,58800.0,-1.13,12.11,26.03,ACCURACY_VERYGOOD
539,58900.0,0.17,23.21,23.21,ACCURACY_VERYGOOD
540,59000.0,0.17,23.21,23.21,ACCURACY_VERYGOOD
541,59100.0,0.89,32.93,8.76,ACCURACY_VERYGOOD
542,59200.0,0.89,32.93,8.76,ACCURACY_VERYGOOD
543,59300.0,3.0,34.43,-9.77,ACCURACY_VERYGOOD
544,59400.0,3.0,34.43,-9.77,ACCURACY_VERYGOOD
545,59500.0,3.0,34.43,-9.77,ACCURACY_VERYGOOD
546,59600.0,5.09,27.35,-12.71,ACCURACY_VERYGOOD
547,59700.0,5.09,27.35,-12.71,ACCURACY_VERYGOOD
548,59800.0,5.09,27.35,-12.71,ACCURACY_VERYGOOD
549,59900.0,10.67,29.34,-0.77,ACCURACY_VERYGOOD
550,60000.0,10.67,29.34,-0.77,ACCURACY_VERYGOOD
551,60100.0,10.67,23.03,14.09,ACCURACY_VERYGOOD
552,60200.0,10.67,23.03,14.09,ACCURACY_VERYGOOD
553,60300.0,10.67,23.03,14.09,ACCURACY_VERYGOOD
554,60400.0,5.15,18.11,20.27,ACCURACY_VERYGOOD
555,60500.0,5.15,18.11,20.27,ACCURACY_VERYGOOD
556,60600.0,7.25,20.27,20.34,ACCURACY_VERYGOOD
557,60700.0,7.25,20.27,20.34,ACCURACY_VERYGOOD
558,60800.0,7.25,20.27,20.34,ACCURACY_VERYGOOD
559,60900.0,11.46,19.02,22.07,ACCURACY_VERYGOOD
560,61000.0,11.46,19.02,22.07,ACCURACY_VERYGOOD
561,61100.0,11.46,19.02,22.07,ACCURACY_VERYGOOD
562,61200.0,14.93,16.19,24.0,ACCURACY_VERYGOOD
563,61300.0,14.93,16.19,24.0,ACCURACY_VERYGOOD
564,61400.0,14.93,16.19,24.0,ACCURACY_VERYGOOD
565,61500.0,15.59,8.57,25.01,ACCURACY_VERYGOOD
566,61600.0,15.59,8.57,25.01,ACCURACY_VERYGOOD
567,61700.0,15.59,8.57,25.01,ACCURACY_VERYGOOD
568,61800.0,17.03,4.19,22.92,ACCURACY_VERYGOOD
569,61900.0,17.03,4.19,22.92,ACCURACY_VERYGOOD
570,62000.0,17.76,11.09,19.55,ACCURACY_VERYGOOD
571,62100.0,17.76,11.09,19.55,ACCURACY_VERYGOOD
572,62200.0,17.76,11.09,19.55,ACCURACY_VERYGOOD
573,62300.0,15.71,16.37,21.29,ACCURACY_VERYGOOD
574,62400.0,15.71,16.37,21.29,ACCURACY_VERYGOOD
575,62500.0,15.71,16.37,21.29,ACCURACY_VERYGOOD
576,62600.0,17.81,7.67,23.34,ACCURACY_VERYGOOD
577,62700.0,17.81,7.67,23.34,ACCURACY_VERYGOOD
578,62800.0,17.81,7.67,23.34,ACCURACY_VERYGOOD
579,62900.0,22.68,6.53,18.05,ACCURACY_VERYGOOD
580,63000.0,22.68,6.53,18.05,ACCURACY_VERYGOOD
581,63100.0,24.11,7.37,17.63,ACCURACY_VERYGOOD
582,63200.0,24.11,7.37,17.63,ACCURACY_VERYGOOD
583,63300.0,24.11,7.37,17.63,ACCURACY_VERYGOOD
584,63400.0,24.11,7.37,17.63,ACCURACY_VERYGOOD
585,63500.0,17.87,14.15,19.13,ACCURACY_VERYGOOD
586,63600.0,17.87,14.15,19.13,ACCURACY_VERYGOOD
587,63700.0,16.5,20.34,20.45,ACCURACY_VERYGOOD
588,63800.0,16.5,20.34,20.45,ACCURACY_VERYGOOD
589,63900.0,13.01,21.77,18.11,ACCURACY_VERYGOOD
590,64000.0,13.01,21.77,18.11,ACCURACY_VERYGOOD
591,64100.0,13.67,14.03,26.15,ACCURACY_VERYGOOD
592,64200.0,13.67,14.03,26.15,ACCURACY_VERYGOOD
593,64300.0,13.67,14.03,26.15,ACCURACY_VERYGOOD
594,64400.0,17.87,5.87,24.23,ACCURACY_VERYGOOD
595,64500.0,17.87,5.87,24.23,ACCURACY_VERYGOOD
596,64600.0,17.87,5.87,24.23,ACCURACY_VERYGOOD
597,64700.0,13.01,7.67,25.55,ACCURACY_VERYGOOD
598,64800.0,13.01,7.67,25.55,ACCURACY_VERYGOOD
599,64900.0,10.26,20.93,20.63,ACCURACY_VERYGOOD
600,65000.0,10.26,20.93,20.63,ACCURACY_VERYGOOD
601,65100.0,4.67,29.57,16.37,ACCURACY_VERYGOOD
602,65200.0,4.67,29.57,16.37,ACCURACY_VERYGOOD
603,65300.0,4.67,29.57,16.37,ACCURACY_VERYGOOD
604,65400.0,8.15,32.81,6.17,ACCURACY_VERYGOOD
605,65500.0,8.15,32.81,6.17,ACCURACY_VERYGOOD
606,65600.0,8.15,32.81,6.17,ACCURACY_VERYGOOD
607,65700.0,15.11,24.89,14.88,ACCURACY_VERYGOOD
608,65800.0,15.11,24.89,14.88,ACCURACY_VERYGOOD
609,65900.0,15.11,10.61,25.13,ACCURACY_VERYGOOD
610,66000.0,15.11,10.61,25.13,ACCURACY_VERYGOOD
611,66100.0,15.11,10.61,25.13,ACCURACY_VERYGOOD
612,66200.0,14.39,11.27,25.37,ACCURACY_VERYGOOD
613,66300.0,14.39,11.27,25.37,ACCURACY_VERYGOOD
614,66400.0,4.61,16.92,23.63,ACCURACY_VERYGOOD
615,66500.0,4.61,16.92,23.63,ACCURACY_VERYGOOD
616,66600.0,4.61,16.92,23.63,ACCURACY_VERYGOOD
617,66700.0,-7.85,22.79,21.35,ACCURACY_VERYGOOD
618,66800.0,-7.85,22.79,21.35,ACCURACY_VERYGOOD
619,66900.0,-7.85,22.79,21.35,ACCURACY_VERYGOOD
620,67000.0,-16.19,15.11,22.37,ACCURACY_VERYGOOD
621,67100.0,-16.19,15.11,22.37,ACCURACY_VERYGOOD
622,67200.0,-16.19,15.11,22.37,ACCURACY_VERYGOOD
623,67300.0,-12.71,27.71,15.11,ACCURACY_VERYGOOD
624,67400.0,-12.71,27.71,15.11,ACCURACY_VERYGOOD
625,67500.0,-12.71,27.71,15.11,ACCURACY_VERYGOOD
626,67600.0,-12.71,27.71,15.11,ACCURACY_VERYGOOD
627,67700.0,-14.09,28.5,12.53,ACCURACY_VERYGOOD
628,67800.0,-14.09,28.5,12.53,ACCURACY_VERYGOOD
629,67900.0,-4.98,30.42,9.0,ACCURACY_VERYGOOD
630,68000.0,-4.98,30.42,9.0,ACCURACY_VERYGOOD
631,68100.0,3.35,30.17,7.44,ACCURACY_VERYGOOD
632,68200.0,3.35,30.17,7.44,ACCURACY_VERYGOOD
633,68300.0,3.35,30.17,7.44,ACCURACY_VERYGOOD
634,68400.0,11.69,25.19,11.46,ACCURACY_VERYGOOD
635,68500.0,11.69,25.19,11.46,ACCURACY_VERYGOOD
636,68600.0,11.69,25.19,11.46,ACCURACY_VERYGOOD
637,68700.0,11.69,22.85,12.11,ACCURACY_VERYGOOD
638,68800.0,11.69,22.85,12.11,ACCURACY_VERYGOOD
639,68900.0,11.69,22.85,12.11,ACCURACY_VERYGOOD
640,69000.0,6.83,26.27,8.34,ACCURACY_VERYGOOD
641,69100.0,6.83,26.27,8.34,ACCURACY_VERYGOOD
642,69200.0,6.83,26.27,8.34,ACCURACY_VERYGOOD
643,69300.0,-9.17,27.59,6.59,ACCURACY_VERYGOOD
644,69400.0,-9.17,27.59,6.59,ACCURACY_VERYGOOD
645,69500.0,-14.75,23.1,11.46,ACCURACY_VERYGOOD
646,69600.0,-14.75,23.1,11.46,ACCURACY_VERYGOOD
647,69700.0,-14.75,23.1,11.46,ACCURACY_VERYGOOD
648,69800.0,-5.69,26.15,10.97,ACCURACY_VERYGOOD
649,69900.0,-5.69,26.15,10.97,ACCURACY_VERYGOOD
650,70000.0,-5.69,26.15,10.97,ACCURACY_VERYGOOD
651,70100.0,5.4,24.47,13.97,ACCURACY_VERYGOOD
652,70200.0,5.4,24.47,13.97,ACCURACY_VERYGOOD
653,70300.0,5.4,24.47,13.97,ACCURACY_VERYGOOD
654,70400.0,5.4,24.47,13.97,ACCURACY_VERYGOOD
655,70500.0,11.69,17.63,19.61,ACCURACY_VERYGOOD
656,70600.0,11.69,17.63,19.61,ACCURACY_VERYGOOD
657,70700.0,15.96,5.63,24.95,ACCURACY_VERYGOOD
658,70800.0,15.96,5.63,24.95,ACCURACY_VERYGOOD
659,70900.0,15.96,5.63,24.95,ACCURACY_VERYGOOD
660,71000.0,14.57,-3.72,22.68,ACCURACY_VERYGOOD
661,71100.0,14.57,-3.72,22.68,ACCURACY_VERYGOOD
662,71200.0,14.57,-3.72,22.68,ACCURACY_VERYGOOD
663,71300.0,16.73,5.09,19.85,ACCURACY_VERYGOOD
664,71400.0,16.73,5.09,19.85,ACCURACY_VERYGOOD
665,71500.0,16.73,5.09,19.85,ACCURACY_VERYGOOD
666,71600.0,14.09,7.79,20.81,ACCURACY_VERYGOOD
667,71700.0,14.09,7.79,20.81,ACCURACY_VERYGOOD
668,71800.0,14.15,9.89,18.71,ACCURACY_VERYGOOD
669,71900.0,14.15,9.89,18.71,ACCURACY_VERYGOOD
670,72000.0,10.01,17.34,18.29,ACCURACY_VERYGOOD
671,72100.0,10.01,17.34,18.29,ACCURACY_VERYGOOD
672,72200.0,10.01,17.34,18.29,ACCURACY_VERYGOOD
673,72300.0,5.81,20.87,18.77,ACCURACY_VERYGOOD
674,72400.0,5.81,20.87,18.77,ACCURACY_VERYGOOD
675,72500.0,5.81,20.87,18.77,ACCURACY_VERYGOOD
676,72600.0,4.44,14.57,24.47,ACCURACY_VERYGOOD
677,72700.0,4.44,14.57,24.47,ACCURACY_VERYGOOD
678,72800.0,12.11,18.89,20.27,ACCURACY_VERYGOOD
679,72900.0,12.11,18.89,20.27,ACCURACY_VERYGOOD
680,73000.0,12.11,18.89,20.27,ACCURACY_VERYGOOD
681,73100.0,14.21,16.92,19.61,ACCURACY_VERYGOOD
682,73200.0,14.21,16.92,19.61,ACCURACY_VERYGOOD
683,73300.0,14.21,16.92,19.61,ACCURACY_VERYGOOD
684,73400.0,13.55,9.96,20.87,ACCURACY_VERYGOOD
685,73500.0,13.55,9.96,20.87,ACCURACY_VERYGOOD
686,73600.0,13.55,9.96,20.87,ACCURACY_VERYGOOD
687,73700.0,10.8,25.55,9.0,ACCURACY_VERYGOOD
688,73800.0,10.8,25.55,9.0,ACCURACY_VERYGOOD
689,73900.0,3.11,32.04,4.73,ACCURACY_VERYGOOD
690,74000.0,3.11,32.04,4.73,ACCURACY_VERYGOOD
691,74100.0,3.11,32.04,4.73,ACCURACY_VERYGOOD
692,74200.0,-2.33,34.2,2.57,ACCURACY_VERYGOOD
693,74300.0,-2.33,34.2,2.57,ACCURACY_VERYGOOD
694,74400.0,5.94,31.19,-6.11,ACCURACY_VERYGOOD
695,74500.0,5.94,31.19,-6.11,ACCURACY_VERYGOOD
696,74600.0,12.23,28.13,-3.53,ACCURACY_VERYGOOD
697,74700.0,12.23,28.13,-3.53,ACCURACY_VERYGOOD
698,74800.0,12.23,28.13,-3.53,ACCURACY_VERYGOOD
699,74900.0,15.0,25.31,-1.62,ACCURACY_VERYGOOD
700,75000.0,15.0,25.31,-1.62,ACCURACY_VERYGOOD
701,75100.0,17.15,21.05,6.83,ACCURACY_VERYGOOD
702,75200.0,17.15,21.05,6.83,ACCURACY_VERYGOOD
703,75300.0,12.96,26.69,5.21,ACCURACY_VERYGOOD
704,75400.0,12.96,26.69,5.21,ACCURACY_VERYGOOD
705,75500.0,12.96,26.69,5.21,ACCURACY_VERYGOOD
706,75600.0,2.51,32.81,2.22,ACCURACY_VERYGOOD
707,75700.0,2.51,32.81,2.22,ACCURACY_VERYGOOD
708,75800.0,2.51,32.81,2.22,ACCURACY_VERYGOOD
709,75900.0,-8.51,30.95,10.01,ACCURACY_VERYGOOD
710,76000.0,-8.51,30.95,10.01,ACCURACY_VERYGOOD
711,76100.0,-8.51,30.95,10.01,ACCURACY_VERYGOOD
712,76200.0,3.95,29.39,10.31,ACCURACY_VERYGOOD
713,76300.0,3.95,29.39,10.31,ACCURACY_VERYGOOD
714,76400.0,13.01,27.42,7.55,ACCURACY_VERYGOOD
715,76500.0,13.01,27.42,7.55,ACCURACY_VERYGOOD
716,76600.0,13.01,27.42,7.55,ACCURACY_VERYGOOD
717,76700.0,14.39,25.01,8.09,ACCURACY_VERYGOOD
718,76800.0,14.39,25.01,8.09,ACCURACY_VERYGOOD
719,76900.0,14.39,25.01,8.09,ACCURACY_VERYGOOD
720,77000.0,17.21,24.0,11.27,ACCURACY_VERYGOOD
721,77100.0,17.21,24.0,11.27,ACCURACY_VERYGOOD
722,77200.0,12.35,22.5,15.83,ACCURACY_VERYGOOD
723,77300.0,12.35,22.5,15.83,ACCURACY_VERYGOOD
724,77400.0,3.29,24.53,18.6,ACCURACY_VERYGOOD
725,77500.0,3.29,24.53,18.6,ACCURACY_VERYGOOD
726,77600.0,3.29,24.53,18.6,ACCURACY_VERYGOOD
727,77700.0,-1.55,24.05,17.76,ACCURACY_VERYGOOD
728,77800.0,-1.55,24.05,17.76,ACCURACY_VERYGOOD
729,77900.0,-2.93,20.15,18.65,ACCURACY_VERYGOOD
730,78000.0,-2.93,20.15,18.65,ACCURACY_VERYGOOD
731,78100.0,-2.93,20.15,18.65,ACCURACY_VERYGOOD
732,78200.0,-3.65,14.81,24.0,ACCURACY_VERYGOOD
733,78300.0,-3.65,14.81,24.0,ACCURACY_VERYGOOD
734,78400.0,-3.65,14.81,24.0,ACCURACY_VERYGOOD
735,78500.0,-5.75,19.97,21.42,ACCURACY_VERYGOOD
736,78600.0,-5.75,19.97,21.42,ACCURACY_VERYGOOD
737,78700.0,-5.75,19.97,21.42,ACCURACY_VERYGOOD
738,78800.0,-0.17,23.69,19.07,ACCURACY_VERYGOOD
739,78900.0,-0.17,23.69,19.07,ACCURACY_VERYGOOD
740,79000.0,-0.17,23.69,19.07,ACCURACY_VERYGOOD
741,79100.0,8.81,25.79,14.81,ACCURACY_VERYGOOD
742,79200.0,8.81,25.79,14.81,ACCURACY_VERYGOOD
743,79300.0,5.33,28.79,10.07,ACCURACY_VERYGOOD
744,79400.0,5.33,28.79,10.07,ACCURACY_VERYGOOD
745,79500.0,5.33,28.79,10.07,ACCURACY_VERYGOOD
746,79600.0,-5.75,28.97,5.21,ACCURACY_VERYGOOD
747,79700.0,-5.75,28.97,5.21,ACCURACY_VERYGOOD
748,79800.0,-5.75,28.97,5.21,ACCURACY_VERYGOOD
749,79900.0,-16.26,23.21,9.65,ACCURACY_VERYGOOD
750,80000.0,-16.26,23.21,9.65,ACCURACY_VERYGOOD
751,80100.0,-16.26,23.21,9.65,ACCURACY_VERYGOOD
752,80200.0,-12.84,15.89,20.81,ACCURACY_VERYGOOD
753,80300.0,-12.84,15.89,20.81,ACCURACY_VERYGOOD
754,80400.0,-12.84,15.89,20.81,ACCURACY_VERYGOOD
755,80500.0,-7.25,13.19,27.05,ACCURACY_VERYGOOD
756,80600.0,-7.25,13.19,27.05,ACCURACY_VERYGOOD
757,80700.0,-7.25,13.19,27.05,ACCURACY_VERYGOOD
758,80800.0,-0.29,3.77,28.92,ACCURACY_VERYGOOD
759,80900.0,-0.29,3.77,28.92,ACCURACY_VERYGOOD
760,81000.0,5.94,0.29,28.5,ACCURACY_VERYGOOD
761,81100.0,5.94,0.29,28.5,ACCURACY_VERYGOOD
762,81200.0,5.94,0.29,28.5,ACCURACY_VERYGOOD
763,81300.0,10.13,-3.41,28.73,ACCURACY_VERYGOOD
764,81400.0,10.13,-3.41,28.73,ACCURACY_VERYGOOD
765,81500.0,14.34,4.01,28.26,ACCURACY_VERYGOOD
766,81600.0,14.34,4.01,28.26,ACCURACY_VERYGOOD
767,81700.0,14.34,4.01,28.26,ACCURACY_VERYGOOD
768,81800.0,5.94,14.69,26.81,ACCURACY_VERYGOOD
769,81900.0,5.94,14.69,26.81,ACCURACY_VERYGOOD
770,82000.0,5.94,14.69,26.81,ACCURACY_VERYGOOD
771,82100.0,-5.81,19.02,22.55,ACCURACY_VERYGOOD
772,82200.0,-5.81,19.02,22.55,ACCURACY_VERYGOOD
773,82300.0,-5.81,19.02,22.55,ACCURACY_VERYGOOD
774,82400.0,-14.88,13.31,24.23,ACCURACY_VERYGOOD
775,82500.0,-14.88,13.31,24.23,ACCURACY_VERYGOOD
776,82600.0,-7.25,5.94,26.81,ACCURACY_VERYGOOD
777,82700.0,-7.25,5.94,26.81,ACCURACY_VERYGOOD
778,82800.0,-7.25,5.94,26.81,ACCURACY_VERYGOOD
779,82900.0,3.83,10.13,29.63,ACCURACY_VERYGOOD
780,83000.0,3.83,10.13,29.63,ACCURACY_VERYGOOD
781,83100.0,3.83,10.13,29.63,ACCURACY_VERYGOOD
782,83200.0,6.65,8.34,28.31,ACCURACY_VERYGOOD
783,83300.0,6.65,8.34,28.31,ACCURACY_VERYGOOD
784,83400.0,3.83,-0.89,30.23,ACCURACY_VERYGOOD
785,83500.0,3.83,-0.89,30.23,ACCURACY_VERYGOOD
786,83600.0,3.83,-0.89,30.23,ACCURACY_VERYGOOD
787,83700.0,5.94,6.59,27.05,ACCURACY_VERYGOOD
788,83800.0,5.94,6.59,27.05,ACCURACY_VERYGOOD
789,83900.0,8.03,8.51,25.61,ACCURACY_VERYGOOD
790,84000.0,8.03,8.51,25.61,ACCURACY_VERYGOOD
791,84100.0,8.03,8.51,25.61,ACCURACY_VERYGOOD
792,84200.0,3.17,9.65,26.63,ACCURACY_VERYGOOD
793,84300.0,3.17,9.65,26.63,ACCURACY_VERYGOOD
794,84400.0,4.55,5.09,27.29,ACCURACY_VERYGOOD
795,84500.0,4.55,5.09,27.29,ACCURACY_VERYGOOD
796,84600.0,4.55,5.09,27.29,ACCURACY_VERYGOOD
797,84700.0,14.34,4.79,25.85,ACCURACY_VERYGOOD
798,84800.0,14.34,4.79,25.85,ACCURACY_VERYGOOD
799,84900.0,14.34,4.79,25.85,ACCURACY_VERYGOOD
800,85000.0,17.81,6.96,23.69,ACCURACY_VERYGOOD
801,85100.0,17.81,6.96,23.69,ACCURACY_VERYGOOD
802,85200.0,21.29,6.96,21.53,ACCURACY_VERYGOOD
803,85300.0,21.29,6.96,21.53,ACCURACY_VERYGOOD
804,85400.0,21.29,6.96,21.53,ACCURACY_VERYGOOD
805,85500.0,26.87,6.48,20.69,ACCURACY_VERYGOOD
806,85600.0,26.87,6.48,20.69,ACCURACY_VERYGOOD
807,85700.0,26.87,6.48,20.69,ACCURACY_VERYGOOD
808,85800.0,28.55,20.21,10.13,ACCURACY_VERYGOOD
809,85900.0,28.55,20.21,10.13,ACCURACY_VERYGOOD
810,86000.0,23.39,22.79,-13.55,ACCURACY_VERYGOOD
811,86100.0,23.39,22.79,-13.55,ACCURACY_VERYGOOD
812,86200.0,23.39,22.79,-13.55,ACCURACY_VERYGOOD
813,86300.0,16.13,-13.73,-25.97,ACCURACY_VERYGOOD
814,86400.0,16.13,-13.73,-25.97,ACCURACY_VERYGOOD
815,86500.0,9.11,-25.85,-22.07,ACCURACY_VERYGOOD
816,86600.0,9.11,-25.85,-22.07,ACCURACY_VERYGOOD
817,86700.0,3.48,-31.55,-17.52,ACCURACY_VERYGOOD
818,86800.0,3.48,-31.55,-17.52,ACCURACY_VERYGOOD
819,86900.0,3.48,-31.55,-17.52,ACCURACY_VERYGOOD
820,87000.0,14.51,-33.05,-16.55,ACCURACY_VERYGOOD
821,87100.0,14.51,-33.05,-16.55,ACCURACY_VERYGOOD
822,87200.0,14.51,-33.05,-16.55,ACCURACY_VERYGOOD
823,87300.0,21.84,-31.97,-9.84,ACCURACY_VERYGOOD
824,87400.0,21.84,-31.97,-9.84,ACCURACY_VERYGOOD
825,87500.0,21.84,-31.97,-9.84,ACCURACY_VERYGOOD
826,87600.0,15.96,-35.34,-0.41,ACCURACY_VERYGOOD
827,87700.0,15.96,-35.34,-0.41,ACCURACY_VERYGOOD
828,87800.0,15.96,-35.34,-0.41,ACCURACY_VERYGOOD
829,87900.0,-4.31,-38.15,-2.09,ACCURACY_VERYGOOD
830,88000.0,-4.31,-38.15,-2.09,ACCURACY_VERYGOOD
831,88100.0,-4.31,-38.15,-2.09,ACCURACY_VERYGOOD
832,88200.0,3.95,-39.54,-1.86,ACCURACY_VERYGOOD
833,88300.0,3.95,-39.54,-1.86,ACCURACY_VERYGOOD
834,88400.0,13.61,-34.86,2.39,ACCURACY_VERYGOOD
835,88500.0,13.61,-34.86,2.39,ACCURACY_VERYGOOD
836,88600.0,18.35,-35.15,1.43,ACCURACY_VERYGOOD
837,88700.0,18.35,-35.15,1.43,ACCURACY_VERYGOOD
838,88800.0,20.34,-32.34,2.39,ACCURACY_VERYGOOD
839,88900.0,20.34,-32.34,2.39,ACCURACY_VERYGOOD
840,89000.0,20.34,-32.34,2.39,ACCURACY_VERYGOOD
841,89100.0,16.07,-32.21,4.5,ACCURACY_VERYGOOD
842,89200.0,16.07,-32.21,4.5,ACCURACY_VERYGOOD
843,89300.0,4.13,-36.41,8.76,ACCURACY_VERYGOOD
844,89400.0,4.13,-36.41,8.76,ACCURACY_VERYGOOD
845,89500.0,4.13,-36.41,8.76,ACCURACY_VERYGOOD
846,89600.0,6.17,-35.81,7.44,ACCURACY_VERYGOOD
847,89700.0,6.17,-35.81,7.44,ACCURACY_VERYGOOD
848,89800.0,6.17,-35.81,7.44,ACCURACY_VERYGOOD
849,89900.0,15.17,-32.57,-2.09,ACCURACY_VERYGOOD
850,90000.0,15.17,-32.57,-2.09,ACCURACY_VERYGOOD
851,90100.0,20.03,-27.59,-8.34,ACCURACY_VERYGOOD
852,90200.0,20.03,-27.59,-8.34,ACCURACY_VERYGOOD
853,90300.0,20.03,-27.59,-8.34,ACCURACY_VERYGOOD
854,90400.0,22.79,-27.35,-6.77,ACCURACY_VERYGOOD
855,90500.0,22.79,-27.35,-6.77,ACCURACY_VERYGOOD
856,90600.0,22.79,-27.35,-6.77,ACCURACY_VERYGOOD
857,90700.0,22.73,-27.95,-7.01,ACCURACY_VERYGOOD
858,90800.0,22.73,-27.95,-7.01,ACCURACY_VERYGOOD
859,90900.0,22.73,-27.95,-7.01,ACCURACY_VERYGOOD
860,91000.0,21.35,-24.35,-15.71,ACCURACY_VERYGOOD
861,91100.0,21.35,-24.35,-15.71,ACCURACY_VERYGOOD
862,91200.0,22.68,-21.05,-16.73,ACCURACY_VERYGOOD
863,91300.0,22.68,-21.05,-16.73,ACCURACY_VERYGOOD
864,91400.0,22.68,-21.05,-16.73,ACCURACY_VERYGOOD
865,91500.0,20.52,-28.97,-10.01,ACCURACY_VERYGOOD
866,91600.0,20.52,-28.97,-10.01,ACCURACY_VERYGOOD
867,91700.0,17.63,-31.55,0.29,ACCURACY_VERYGOOD
868,91800.0,17.63,-31.55,0.29,ACCURACY_VERYGOOD
869,91900.0,17.63,-31.55,0.29,ACCURACY_VERYGOOD
870,92000.0,3.65,-35.63,1.79,ACCURACY_VERYGOOD
871,92100.0,3.65,-35.63,1.79,ACCURACY_VERYGOOD
872,92200.0,3.65,-35.63,1.79,ACCURACY_VERYGOOD
873,92300.0,9.23,-34.55,5.69,ACCURACY_VERYGOOD
874,92400.0,9.23,-34.55,5.69,ACCURACY_VERYGOOD
875,92500.0,9.23,-34.55,5.69,ACCURACY_VERYGOOD
876,92600.0,19.61,-30.0,-3.48,ACCURACY_VERYGOOD
877,92700.0,19.61,-30.0,-3.48,ACCURACY_VERYGOOD
878,92800.0,19.61,-30.0,-3.48,ACCURACY_VERYGOOD
879,92900.0,19.55,-31.85,2.27,ACCURACY_VERYGOOD
880,93000.0,19.55,-31.85,2.27,ACCURACY_VERYGOOD
881,93100.0,7.67,-33.59,8.03,ACCURACY_VERYGOOD
882,93200.0,7.67,-33.59,8.03,ACCURACY_VERYGOOD
883,93300.0,7.67,-33.59,8.03,ACCURACY_VERYGOOD
884,93400.0,7.67,-33.59,8.03,ACCURACY_VERYGOOD
885,93500.0,7.67,-34.73,6.96,ACCURACY_VERYGOOD
886,93600.0,7.67,-34.73,6.96,ACCURACY_VERYGOOD
887,93700.0,21.6,-28.26,-3.65,ACCURACY_VERYGOOD
888,93800.0,21.6,-28.26,-3.65,ACCURACY_VERYGOOD
889,93900.0,21.6,-28.26,-3.65,ACCURACY_VERYGOOD
890,94000.0,21.6,-28.26,-3.65,ACCURACY_VERYGOOD
891,94100.0,24.95,-21.35,-15.53,ACCURACY_VERYGOOD
892,94200.0,24.95,-21.35,-15.53,ACCURACY_VERYGOOD
893,94300.0,22.85,-26.45,-8.69,ACCURACY_VERYGOOD
894,94400.0,22.85,-26.45,-8.69,ACCURACY_VERYGOOD
895,94500.0,22.85,-26.45,-8.69,ACCURACY_VERYGOOD
896,94600.0,10.26,-34.55,0.59,ACCURACY_VERYGOOD
897,94700.0,10.26,-34.55,0.59,ACCURACY_VERYGOOD
898,94800.0,10.26,-34.55,0.59,ACCURACY_VERYGOOD
899,94900.0,-5.63,-33.29,-11.63,ACCURACY_VERYGOOD
900,95000.0,-5.63,-33.29,-11.63,ACCURACY_VERYGOOD
901,95100.0,-5.63,-33.29,-11.63,ACCURACY_VERYGOOD
902,95200.0,-5.63,-33.29,-11.63,ACCURACY_VERYGOOD
903,95300.0,1.97,-34.5,-9.96,ACCURACY_VERYGOOD
904,95400.0,1.97,-34.5,-9.96,ACCURACY_VERYGOOD
905,95500.0,15.23,-34.25,-1.31,ACCURACY_VERYGOOD
906,95600.0,15.23,-34.25,-1.31,ACCURACY_VERYGOOD
907,95700.0,15.23,-34.25,-1.31,ACCURACY_VERYGOOD
908,95800.0,14.46,-34.07,-4.13,ACCURACY_VERYGOOD
909,95900.0,14.46,-34.07,-4.13,ACCURACY_VERYGOOD
910,96000.0,-0.77,-35.09,-7.25,ACCURACY_VERYGOOD
911,96100.0,-0.77,-35.09,-7.25,ACCURACY_VERYGOOD
912,96200.0,-0.77,-35.09,-7.25,ACCURACY_VERYGOOD
913,96300.0,-30.35,-26.45,-5.81,ACCURACY_VERYGOOD
914,96400.0,-30.35,-26.45,-5.81,ACCURACY_VERYGOOD
915,96500.0,-27.35,-25.13,3.77,ACCURACY_VERYGOOD
916,96600.0,-27.35,-25.13,3.77,ACCURACY_VERYGOOD
917,96700.0,-27.35,-25.13,3.77,ACCURACY_VERYGOOD
918,96800.0,-24.42,-28.37,11.93,ACCURACY_VERYGOOD
919,96900.0,-24.42,-28.37,11.93,ACCURACY_VERYGOOD
920,97000.0,-24.42,-28.37,11.93,ACCURACY_VERYGOOD
921,97100.0,-1.25,-32.88,19.55,ACCURACY_VERYGOOD
922,97200.0,-1.25,-32.88,19.55,ACCURACY_VERYGOOD
923,97300.0,-1.25,-32.88,19.55,ACCURACY_VERYGOOD
924,97400.0,11.21,-30.59,17.34,ACCURACY_VERYGOOD
925,97500.0,11.21,-30.59,17.34,ACCURACY_VERYGOOD
926,97600.0,4.92,-33.84,18.42,ACCURACY_VERYGOOD
927,97700.0,4.92,-33.84,18.42,ACCURACY_VERYGOOD
928,97800.0,4.92,-33.84,18.42,ACCURACY_VERYGOOD
929,97900.0,-16.5,-32.04,8.93,ACCURACY_VERYGOOD
930,98000.0,-16.5,-32.04,8.93,ACCURACY_VERYGOOD
931,98100.0,-16.5,-32.04,8.93,ACCURACY_VERYGOOD
932,98200.0,-22.68,-28.73,7.91,ACCURACY_VERYGOOD
933,98300.0,-22.68,-28.73,7.91,ACCURACY_VERYGOOD
934,98400.0,-16.44,-31.61,7.67,ACCURACY_VERYGOOD
935,98500.0,-16.44,-31.61,7.67,ACCURACY_VERYGOOD
936,98600.0,-16.44,-31.61,7.67,ACCURACY_VERYGOOD
937,98700.0,0.29,-34.31,9.53,ACCURACY_VERYGOOD
938,98800.0,0.29,-34.31,9.53,ACCURACY_VERYGOOD
939,98900.0,0.29,-34.31,9.53,ACCURACY_VERYGOOD
940,99000.0,13.55,-30.77,12.17,ACCURACY_VERYGOOD
941,99100.0,13.55,-30.77,12.17,ACCURACY_VERYGOOD
942,99200.0,14.88,-29.27,7.67,ACCURACY_VERYGOOD
943,99300.0,14.88,-29.27,7.67,ACCURACY_VERYGOOD
944,99400.0,14.88,-29.27,7.67,ACCURACY_VERYGOOD
945,99500.0,3.72,-33.77,10.43,ACCURACY_VERYGOOD
946,99600.0,3.72,-33.77,10.43,ACCURACY_VERYGOOD
947,99700.0,-12.23,-32.52,11.46,ACCURACY_VERYGOOD
948,99800.0,-12.23,-32.52,11.46,ACCURACY_VERYGOOD
949,99900.0,-12.23,-32.52,11.46,ACCURACY_VERYGOOD
950,100000.0,-12.84,-35.21,6.35,ACCURACY_VERYGOOD
951,100100.0,-12.84,-35.21,6.35,ACCURACY_VERYGOOD
952,100200.0,-4.44,-35.04,3.59,ACCURACY_VERYGOOD
953,100300.0,-4.44,-35.04,3.59,ACCURACY_VERYGOOD
954,100400.0,-4.44,-35.04,3.59,ACCURACY_VERYGOOD
955,100500.0,12.17,-33.36,-1.5,ACCURACY_VERYGOOD
956,100600.0,12.17,-33.36,-1.5,ACCURACY_VERYGOOD
957,100700.0,12.17,-33.36,-1.5,ACCURACY_VERYGOOD
958,100800.0,12.17,-33.36,-1.5,ACCURACY_VERYGOOD
959,100900.0,15.65,-31.85,-6.0,ACCURACY_VERYGOOD
960,101000.0,15.65,-31.85,-6.0,ACCURACY_VERYGOOD
961,101100.0,23.87,-18.05,-23.34,ACCURACY_VERYGOOD
962,101200.0,23.87,-18.05,-23.34,ACCURACY_VERYGOOD
963,101300.0,23.87,-18.05,-23.34,ACCURACY_VERYGOOD
964,101400.0,27.18,17.21,-22.26,ACCURACY_VERYGOOD
965,101500.0,27.18,17.21,-22.26,ACCURACY_VERYGOOD
966,101600.0,27.18,17.21,-22.26,ACCURACY_VERYGOOD
967,101700.0,29.69,31.55,-1.74,ACCURACY_VERYGOOD
968,101800.0,29.69,31.55,-1.74,ACCURACY_VERYGOOD
969,101900.0,23.87,42.47,-6.65,ACCURACY_VERYGOOD
970,102000.0,23.87,42.47,-6.65,ACCURACY_VERYGOOD
971,102100.0,23.87,42.47,-6.65,ACCURACY_VERYGOOD
972,102200.0,22.5,43.73,-10.55,ACCURACY_VERYGOOD
973,102300.0,22.5,43.73,-10.55,ACCURACY_VERYGOOD
974,102400.0,22.5,43.73,-10.55,ACCURACY_VERYGOOD
975,102500.0,16.92,39.05,-27.65,ACCURACY_VERYGOOD
976,102600.0,16.92,39.05,-27.65,ACCURACY_VERYGOOD
977,102700.0,16.92,39.05,-27.65,ACCURACY_VERYGOOD
978,102800.0,16.19,30.23,-34.07,ACCURACY_VERYGOOD
979,102900.0,16.19,30.23,-34.07,ACCURACY_VERYGOOD
980,103000.0,17.57,8.93,-40.25,ACCURACY_VERYGOOD
981,103100.0,17.57,8.93,-40.25,ACCURACY_VERYGOOD
982,103200.0,17.57,8.93,-40.25,ACCURACY_VERYGOOD
983,103300.0,23.15,14.03,-33.71,ACCURACY_VERYGOOD
984,103400.0,23.15,14.03,-33.71,ACCURACY_VERYGOOD
985,103500.0,30.17,21.89,-19.79,ACCURACY_VERYGOOD
986,103600.0,30.17,21.89,-19.79,ACCURACY_VERYGOOD
987,103700.0,30.17,21.89,-19.79,ACCURACY_VERYGOOD
988,103800.0,29.45,35.04,-17.57,ACCURACY_VERYGOOD
989,103900.0,29.45,35.04,-17.57,ACCURACY_VERYGOOD
990,104000.0,23.15,18.29,-40.07,ACCURACY_VERYGOOD
991,104100.0,23.15,18.29,-40.07,ACCURACY_VERYGOOD
992,104200.0,23.15,18.29,-40.07,ACCURACY_VERYGOOD
993,104300.0,23.15,6.53,-41.81,ACCURACY_VERYGOOD
994,104400.0,23.15,6.53,-41.81,ACCURACY_VERYGOOD
995,104500.0,23.15,6.53,-41.81,ACCURACY_VERYGOOD
996,104600.0,18.29,-0.59,-42.0,ACCURACY_VERYGOOD
997,104700.0,18.29,-0.59,-42.0,ACCURACY_VERYGOOD
998,104800.0,18.29,-0.59,-42.0,ACCURACY_VERYGOOD
999,104900.0,25.19,9.3,-32.15,ACCURACY_VERYGOOD
1000,105000.0,25.19,9.3,-32.15,ACCURACY_VERYGOOD
1001,105100.0,25.19,9.3,-32.15,ACCURACY_VERYGOOD
1002,105200.0,24.89,35.21,-20.52,ACCURACY_VERYGOOD
1003,105300.0,24.89,35.21,-20.52,ACCURACY_VERYGOOD
1004,105400.0,24.89,35.21,-20.52,ACCURACY_VERYGOOD
1005,105500.0,24.89,35.21,-20.52,ACCURACY_VERYGOOD
1006,105600.0,8.81,31.5,-35.88,ACCURACY_VERYGOOD
1007,105700.0,8.81,31.5,-35.88,ACCURACY_VERYGOOD
1008,105800.0,8.15,35.93,-31.61,ACCURACY_VERYGOOD
1009,105900.0,8.15,35.93,-31.61,ACCURACY_VERYGOOD
1010,106000.0,9.53,30.23,-36.29,ACCURACY_VERYGOOD
1011,106100.0,9.53,30.23,-36.29,ACCURACY_VERYGOOD
1012,106200.0,15.11,12.89,-39.11,ACCURACY_VERYGOOD
1013,106300.0,15.11,12.89,-39.11,ACCURACY_VERYGOOD
1014,106400.0,15.11,12.89,-39.11,ACCURACY_VERYGOOD
1015,106500.0,18.6,-17.34,-35.52,ACCURACY_VERYGOOD
1016,106600.0,18.6,-17.34,-35.52,ACCURACY_VERYGOOD
1017,106700.0,18.6,-17.34,-35.52,ACCURACY_VERYGOOD
1018,106800.0,8.81,-12.96,-37.61,ACCURACY_VERYGOOD
1019,106900.0,8.81,-12.96,-37.61,ACCURACY_VERYGOOD
1020,107000.0,8.81,-12.96,-37.61,ACCURACY_VERYGOOD
1021,107100.0,2.57,-20.34,-35.04,ACCURACY_VERYGOOD
1022,107200.0,2.57,-20.34,-35.04,ACCURACY_VERYGOOD
1023,107300.0,2.57,-20.34,-35.04,ACCURACY_VERYGOOD
1024,107400.0,6.71,2.46,-40.43,ACCURACY_VERYGOOD
1025,107500.0,6.71,2.46,-40.43,ACCURACY_VERYGOOD
1026,107600.0,6.71,2.46,-40.43,ACCURACY_VERYGOOD
1027,107700.0,18.6,40.86,18.11,ACCURACY_VERYGOOD
1028,107800.0,18.6,40.86,18.11,ACCURACY_VERYGOOD
1029,107900.0,30.47,40.02,2.93,ACCURACY_VERYGOOD
1030,108000.0,30.47,40.02,2.93,ACCURACY_VERYGOOD
1031,108100.0,30.47,40.02,2.93,ACCURACY_VERYGOOD
1032,108200.0,22.79,34.91,-28.43,ACCURACY_VERYGOOD
1033,108300.0,22.79,34.91,-28.43,ACCURACY_VERYGOOD
1034,108400.0,13.73,32.63,-34.86,ACCURACY_VERYGOOD
1035,108500.0,13.73,32.63,-34.86,ACCURACY_VERYGOOD
1036,108600.0,13.73,32.63,-34.86,ACCURACY_VERYGOOD
1037,108700.0,7.44,24.47,-38.93,ACCURACY_VERYGOOD
1038,108800.0,7.44,24.47,-38.93,ACCURACY_VERYGOOD
1039,108900.0,4.67,-7.19,-46.43,ACCURACY_VERYGOOD
1040,109000.0,4.67,-7.19,-46.43,ACCURACY_VERYGOOD
1041,109100.0,4.67,-7.19,-46.43,ACCURACY_VERYGOOD
1042,109200.0,19.97,-34.68,-13.43,ACCURACY_VERYGOOD
1043,109300.0,19.97,-34.68,-13.43,ACCURACY_VERYGOOD
1044,109400.0,8.15,-42.54,15.05,ACCURACY_VERYGOOD
1045,109500.0,8.15,-42.54,15.05,ACCURACY_VERYGOOD
1046,109600.0,8.15,-42.54,15.05,ACCURACY_VERYGOOD
1047,109700.0,3.24,-38.57,29.87,ACCURACY_VERYGOOD
1048,109800.0,3.24,-38.57,29.87,ACCURACY_VERYGOOD
1049,109900.0,3.24,-38.57,29.87,ACCURACY_VERYGOOD
1050,110000.0,12.3,-41.39,20.45,ACCURACY_VERYGOOD
1051,110100.0,12.3,-41.39,20.45,ACCURACY_VERYGOOD
1052,110200.0,17.21,-41.21,15.53,ACCURACY_VERYGOOD
1053,110300.0,17.21,-41.21,15.53,ACCURACY_VERYGOOD
1054,110400.0,17.21,-41.21,15.53,ACCURACY_VERYGOOD
1055,110500.0,13.73,-37.91,-23.69,ACCURACY_VERYGOOD
1056,110600.0,13.73,-37.91,-23.69,ACCURACY_VERYGOOD
1057,110700.0,13.73,-37.91,-23.69,ACCURACY_VERYGOOD
1058,110800.0,13.73,-41.57,-10.07,ACCURACY_VERYGOOD
1059,110900.0,13.73,-41.57,-10.07,ACCURACY_VERYGOOD
1060,111000.0,6.71,-42.23,3.11,ACCURACY_VERYGOOD
1061,111100.0,6.71,-42.23,3.11,ACCURACY_VERYGOOD
1062,111200.0,6.71,-42.23,3.11,ACCURACY_VERYGOOD
1063,111300.0,-23.87,-39.65,6.11,ACCURACY_VERYGOOD
1064,111400.0,-23.87,-39.65,6.11,ACCURACY_VERYGOOD
1065,111500.0,-23.87,-39.65,6.11,ACCURACY_VERYGOOD
1066,111600.0,-23.15,-33.18,15.29,ACCURACY_VERYGOOD
1067,111700.0,-23.15,-33.18,15.29,ACCURACY_VERYGOOD
1068,111800.0,-23.15,-33.18,15.29,ACCURACY_VERYGOOD
1069,111900.0,2.57,-36.47,10.01,ACCURACY_VERYGOOD
1070,112000.0,2.57,-36.47,10.01,ACCURACY_VERYGOOD
1071,112100.0,2.57,-36.47,10.01,ACCURACY_VERYGOOD
1072,112200.0,16.5,-31.97,7.19,ACCURACY_VERYGOOD
1073,112300.0,16.5,-31.97,7.19,ACCURACY_VERYGOOD
1074,112400.0,16.5,-33.54,3.11,ACCURACY_VERYGOOD
1075,112500.0,16.5,-33.54,3.11,ACCURACY_VERYGOOD
1076,112600.0,16.5,-33.54,3.11,ACCURACY_VERYGOOD
1077,112700.0,8.15,-34.02,0.11,ACCURACY_VERYGOOD
1078,112800.0,8.15,-34.02,0.11,ACCURACY_VERYGOOD
1079,112900.0,8.15,-34.02,0.11,ACCURACY_VERYGOOD
1080,113000.0,2.57,-34.2,5.03,ACCURACY_VERYGOOD
1081,113100.0,2.57,-34.2,5.03,ACCURACY_VERYGOOD
1082,113200.0,10.26,-33.54,3.11,ACCURACY_VERYGOOD
1083,113300.0,10.26,-33.54,3.11,ACCURACY_VERYGOOD
1084,113400.0,10.26,-33.54,3.11,ACCURACY_VERYGOOD
1085,113500.0,16.5,-31.37,-1.07,ACCURACY_VERYGOOD
1086,113600.0,16.5,-31.37,-1.07,ACCURACY_VERYGOOD
1087,113700.0,15.11,-31.19,-1.74,ACCURACY_VERYGOOD
1088,113800.0,15.11,-31.19,-1.74,ACCURACY_VERYGOOD
1089,113900.0,9.53,-34.2,5.03,ACCURACY_VERYGOOD
1090,114000.0,9.53,-34.2,5.03,ACCURACY_VERYGOOD
1091,114100.0,9.53,-34.2,5.03,ACCURACY_VERYGOOD
1092,114200.0,-5.03,-32.75,11.88,ACCURACY_VERYGOOD
1093,114300.0,-5.03,-32.75,11.88,ACCURACY_VERYGOOD
1094,114400.0,-9.96,-31.13,15.96,ACCURACY_VERYGOOD
1095,114500.0,-9.96,-31.13,15.96,ACCURACY_VERYGOOD
1096,114600.0,-9.96,-31.13,15.96,ACCURACY_VERYGOOD
1097,114700.0,-2.93,-34.38,3.53,ACCURACY_VERYGOOD
1098,114800.0,-2.93,-34.38,3.53,ACCURACY_VERYGOOD
1099,114900.0,-2.93,-34.38,3.53,ACCURACY_VERYGOOD
1100,115000.0,6.71,-31.13,2.46,ACCURACY_VERYGOOD
1101,115100.0,6.71,-31.13,2.46,ACCURACY_VERYGOOD
1102,115200.0,6.71,-31.13,2.46,ACCURACY_VERYGOOD
1103,115300.0,13.01,-28.85,8.88,ACCURACY_VERYGOOD
1104,115400.0,13.01,-28.85,8.88,ACCURACY_VERYGOOD
1105,115500.0,13.01,-28.85,8.88,ACCURACY_VERYGOOD
1106,115600.0,-2.27,-32.45,4.19,ACCURACY_VERYGOOD
1107,115700.0,-2.27,-32.45,4.19,ACCURACY_VERYGOOD
1108,115800.0,-2.27,-32.45,4.19,ACCURACY_VERYGOOD
1109,115900.0,-19.68,-29.39,3.77,ACCURACY_VERYGOOD
1110,116000.0,-19.68,-29.39,3.77,ACCURACY_VERYGOOD
1111,116100.0,-19.68,-29.39,3.77,ACCURACY_VERYGOOD
1112,116200.0,-17.57,-28.68,8.22,ACCURACY_VERYGOOD
1113,116300.0,-17.57,-28.68,8.22,ACCURACY_VERYGOOD
1114,116400.0,-17.57,-28.68,8.22,ACCURACY_VERYGOOD
1115,116500.0,-11.34,-30.53,11.93,ACCURACY_VERYGOOD
1116,116600.0,-11.34,-30.53,11.93,ACCURACY_VERYGOOD
1117,116700.0,-0.83,-29.21,12.35,ACCURACY_VERYGOOD
1118,116800.0,-0.83,-29.21,12.35,ACCURACY_VERYGOOD
1119,116900.0,-0.83,-29.21,12.35,ACCURACY_VERYGOOD
1120,117000.0,8.81,-28.43,5.46,ACCURACY_VERYGOOD
1121,117100.0,8.81,-28.43,5.46,ACCURACY_VERYGOOD
1122,117200.0,8.81,-28.37,0.53,ACCURACY_VERYGOOD
1123,117300.0,8.81,-28.37,0.53,ACCURACY_VERYGOOD
1124,117400.0,8.81,-28.37,0.53,ACCURACY_VERYGOOD
1125,117500.0,-0.17,-29.69,-1.91,ACCURACY_VERYGOOD
1126,117600.0,-0.17,-29.69,-1.91,ACCURACY_VERYGOOD
1127,117700.0,-5.75,-27.95,-2.81,ACCURACY_VERYGOOD
1128,117800.0,-5.75,-27.95,-2.81,ACCURACY_VERYGOOD
1129,117900.0,-7.13,-24.0,-12.84,ACCURACY_VERYGOOD
1130,118000.0,-7.13,-24.0,-12.84,ACCURACY_VERYGOOD
1131,118100.0,-7.13,-24.0,-12.84,ACCURACY_VERYGOOD
1132,118200.0,-5.75,-22.61,-12.35,ACCURACY_VERYGOOD
1133,118300.0,-5.75,-22.61,-12.35,ACCURACY_VERYGOOD
1134,118400.0,-5.75,-22.61,-12.35,ACCURACY_VERYGOOD
1135,118500.0,-5.75,-28.13,-0.05,ACCURACY_VERYGOOD
1136,118600.0,-5.75,-28.13,-0.05,ACCURACY_VERYGOOD
1137,118700.0,-5.75,-28.13,-0.05,ACCURACY_VERYGOOD
1138,118800.0,-0.83,-28.43,5.46,ACCURACY_VERYGOOD
1139,118900.0,-0.83,-28.43,5.46,ACCURACY_VERYGOOD
1140,119000.0,-0.83,-28.43,5.46,ACCURACY_VERYGOOD
1141,119100.0,1.13,-28.37,11.88,ACCURACY_VERYGOOD
1142,119200.0,1.13,-28.37,11.88,ACCURACY_VERYGOOD
1143,119300.0,-4.38,-30.29,2.03,ACCURACY_VERYGOOD
1144,119400.0,-4.38,-30.29,2.03,ACCURACY_VERYGOOD
1145,119500.0,-4.38,-30.29,2.03,ACCURACY_VERYGOOD
1146,119600.0,-3.65,-22.31,-17.94,ACCURACY_VERYGOOD
1147,119700.0,-3.65,-22.31,-17.94,ACCURACY_VERYGOOD
1148,119800.0,-5.03,-24.23,-14.27,ACCURACY_VERYGOOD
1149,119900.0,-5.03,-24.23,-14.27,ACCURACY_VERYGOOD
1150,120000.0,-0.17,-25.92,-11.34,ACCURACY_VERYGOOD
1151,120100.0,-0.17,-25.92,-11.34,ACCURACY_VERYGOOD
1152,120200.0,-0.17,-25.92,-11.34,ACCURACY_VERYGOOD
1153,120300.0,5.33,-23.76,-11.27,ACCURACY_VERYGOOD
1154,120400.0,5.33,-23.76,-11.27,ACCURACY_VERYGOOD
1155,120500.0,5.33,-23.76,-11.27,ACCURACY_VERYGOOD
1156,120600.0,5.33,-26.15,-10.67,ACCURACY_VERYGOOD
1157,120700.0,5.33,-26.15,-10.67,ACCURACY_VERYGOOD
1158,120800.0,5.33,-26.15,-10.67,ACCURACY_VERYGOOD
1159,120900.0,7.44,-24.6,-10.85,ACCURACY_VERYGOOD
1160,121000.0,7.44,-24.6,-10.85,ACCURACY_VERYGOOD
1161,121100.0,7.44,-24.6,-10.85,ACCURACY_VERYGOOD
1162,121200.0,3.24,-23.57,-14.09,ACCURACY_VERYGOOD
1163,121300.0,3.24,-23.57,-14.09,ACCURACY_VERYGOOD
1164,121400.0,3.24,-23.57,-14.09,ACCURACY_VERYGOOD
1165,121500.0,-7.85,-23.76,-13.43,ACCURACY_VERYGOOD
1166,121600.0,-7.85,-23.76,-13.43,ACCURACY_VERYGOOD
1167,121700.0,-6.42,-26.34,-10.07,ACCURACY_VERYGOOD
1168,121800.0,-6.42,-26.34,-10.07,ACCURACY_VERYGOOD
1169,121900.0,-6.42,-26.34,-10.07,ACCURACY_VERYGOOD
1170,122000.0,-2.27,-27.35,-6.83,ACCURACY_VERYGOOD
1171,122100.0,-2.27,-27.35,-6.83,ACCURACY_VERYGOOD
1172,122200.0,-0.17,-31.37,0.95,ACCURACY_VERYGOOD
1173,122300.0,-0.17,-31.37,0.95,ACCURACY_VERYGOOD
1174,122400.0,-0.17,-31.37,0.95,ACCURACY_VERYGOOD
1175,122500.0,3.95,-27.59,-6.23,ACCURACY_VERYGOOD
1176,122600.0,3.95,-27.59,-6.23,ACCURACY_VERYGOOD
1177,122700.0,3.95,-27.59,-6.23,ACCURACY_VERYGOOD
1178,122800.0,-2.27,-27.71,-3.41,ACCURACY_VERYGOOD
1179,122900.0,-2.27,-27.71,-3.41,ACCURACY_VERYGOOD
1180,123000.0,-2.27,-27.71,-3.41,ACCURACY_VERYGOOD
1181,123100.0,-14.81,-16.26,17.27,ACCURACY_VERYGOOD
1182,123200.0,-14.81,-16.26,17.27,ACCURACY_VERYGOOD
1183,123300.0,-14.81,-16.26,17.27,ACCURACY_VERYGOOD
1184,123400.0,-16.92,-7.67,26.39,ACCURACY_VERYGOOD
1185,123500.0,-16.92,-7.67,26.39,ACCURACY_VERYGOOD
1186,123600.0,-14.81,-2.87,27.29,ACCURACY_VERYGOOD
1187,123700.0,-14.81,-2.87,27.29,ACCURACY_VERYGOOD
1188,123800.0,-14.81,-2.87,27.29,ACCURACY_VERYGOOD
1189,123900.0,-13.43,0.89,33.54,ACCURACY_VERYGOOD
1190,124000.0,-13.43,0.89,33.54,ACCURACY_VERYGOOD
1191,124100.0,-13.43,0.89,33.54,ACCURACY_VERYGOOD
1192,124200.0,-9.96,-10.8,31.79,ACCURACY_VERYGOOD
1193,124300.0,-9.96,-10.8,31.79,ACCURACY_VERYGOOD
1194,124400.0,-7.85,-17.39,29.63,ACCURACY_VERYGOOD
1195,124500.0,-7.85,-17.39,29.63,ACCURACY_VERYGOOD
1196,124600.0,-7.85,-17.39,29.63,ACCURACY_VERYGOOD
1197,124700.0,-5.75,-18.47,28.55,ACCURACY_VERYGOOD
1198,124800.0,-5.75,-18.47,28.55,ACCURACY_VERYGOOD
1199,124900.0,-5.75,-18.47,28.55,ACCURACY_VERYGOOD
1200,125000.0,-2.93,-21.42,21.95,ACCURACY_VERYGOOD
1201,125100.0,-2.93,-21.42,21.95,ACCURACY_VERYGOOD
1202,125200.0,-9.23,-22.79,19.37,ACCURACY_VERYGOOD
1203,125300.0,-9.23,-22.79,19.37,ACCURACY_VERYGOOD
1204,125400.0,-9.23,-22.79,19.37,ACCURACY_VERYGOOD
1205,125500.0,-23.87,-17.87,11.03,ACCURACY_VERYGOOD
1206,125600.0,-23.87,-17.87,11.03,ACCURACY_VERYGOOD
1207,125700.0,-23.87,-17.87,11.03,ACCURACY_VERYGOOD
1208,125800.0,-25.26,-8.46,13.43,ACCURACY_VERYGOOD
1209,125900.0,-25.26,-8.46,13.43,ACCURACY_VERYGOOD
1210,126000.0,-25.26,-8.46,13.43,ACCURACY_VERYGOOD
1211,126100.0,-22.5,-2.03,22.55,ACCURACY_VERYGOOD
1212,126200.0,-22.5,-2.03,22.55,ACCURACY_VERYGOOD
1213,126300.0,-22.5,-2.03,22.55,ACCURACY_VERYGOOD
1214,126400.0,-21.77,3.41,25.79,ACCURACY_VERYGOOD
1215,126500.0,-21.77,3.41,25.79,ACCURACY_VERYGOOD
1216,126600.0,-20.39,1.25,27.95,ACCURACY_VERYGOOD
1217,126700.0,-20.39,1.25,27.95,ACCURACY_VERYGOOD
1218,126800.0,-20.39,1.25,27.95,ACCURACY_VERYGOOD
1219,126900.0,-14.09,-6.11,28.37,ACCURACY_VERYGOOD
1220,127000.0,-14.09,-6.11,28.37,ACCURACY_VERYGOOD
1221,127100.0,-14.09,-6.11,28.37,ACCURACY_VERYGOOD
1222,127200.0,-11.34,-11.75,25.79,ACCURACY_VERYGOOD
1223,127300.0,-11.34,-11.75,25.79,ACCURACY_VERYGOOD
1224,127400.0,-16.92,-10.01,22.79,ACCURACY_VERYGOOD
1225,127500.0,-16.92,-10.01,22.79,ACCURACY_VERYGOOD
1226,127600.0,-16.92,-10.01,22.79,ACCURACY_VERYGOOD
1227,127700.0,-24.6,-8.39,17.69,ACCURACY_VERYGOOD
1228,127800.0,-24.6,-8.39,17.69,ACCURACY_VERYGOOD
1229,127900.0,-24.6,-8.39,17.69,ACCURACY_VERYGOOD
1230,128000.0,-25.26,-4.5,18.95,ACCURACY_VERYGOOD
1231,128100.0,-25.26,-4.5,18.95,ACCURACY_VERYGOOD
1232,128200.0,-25.26,-4.5,18.95,ACCURACY_VERYGOOD
1233,128300.0,-22.5,-1.37,20.63,ACCURACY_VERYGOOD
1234,128400.0,-22.5,-1.37,20.63,ACCURACY_VERYGOOD
1235,128500.0,-22.5,-1.37,20.63,ACCURACY_VERYGOOD
1236,128600.0,-19.02,6.48,25.37,ACCURACY_VERYGOOD
1237,128700.0,-19.02,6.48,25.37,ACCURACY_VERYGOOD
1238,128800.0,-18.29,9.59,27.05,ACCURACY_VERYGOOD
1239,128900.0,-18.29,9.59,27.05,ACCURACY_VERYGOOD
1240,129000.0,-15.53,8.46,28.13,ACCURACY_VERYGOOD
1241,129100.0,-15.53,8.46,28.13,ACCURACY_VERYGOOD
1242,129200.0,-14.81,1.07,28.61,ACCURACY_VERYGOOD
1243,129300.0,-14.81,1.07,28.61,ACCURACY_VERYGOOD
1244,129400.0,-14.81,1.07,28.61,ACCURACY_VERYGOOD
1245,129500.0,-17.57,-4.19,26.87,ACCURACY_VERYGOOD
1246,129600.0,-17.57,-4.19,26.87,ACCURACY_VERYGOOD
1247,129700.0,-20.39,-5.51,22.13,ACCURACY_VERYGOOD
1248,129800.0,-20.39,-5.51,22.13,ACCURACY_VERYGOOD
1249,129900.0,-20.39,-5.51,22.13,ACCURACY_VERYGOOD
1250,130000.0,-20.39,-6.0,21.29,ACCURACY_VERYGOOD
1251,130100.0,-20.39,-6.0,21.29,ACCURACY_VERYGOOD
1252,130200.0,-20.39,-6.0,21.29,ACCURACY_VERYGOOD
1253,130300.0,-16.19,-9.84,22.19,ACCURACY_VERYGOOD
1254,130400.0,-16.19,-9.84,22.19,ACCURACY_VERYGOOD
1255,130500.0,-16.19,-9.84,22.19,ACCURACY_VERYGOOD
1256,130600.0,-9.96,-16.02,18.71,ACCURACY_VERYGOOD
1257,130700.0,-9.96,-16.02,18.71,ACCURACY_VERYGOOD
1258,130800.0,-10.61,-18.29,14.46,ACCURACY_VERYGOOD
1259,130900.0,-10.61,-18.29,14.46,ACCURACY_VERYGOOD
1260,131000.0,-10.61,-18.29,14.46,ACCURACY_VERYGOOD
1261,131100.0,-11.34,-20.21,13.79,ACCURACY_VERYGOOD
1262,131200.0,-11.34,-20.21,13.79,ACCURACY_VERYGOOD
1263,131300.0,-11.34,-20.21,13.79,ACCURACY_VERYGOOD
1264,131400.0,-16.19,-20.87,0.11,ACCURACY_VERYGOOD
1265,131500.0,-16.19,-20.87,0.11,ACCURACY_VERYGOOD
1266,131600.0,-16.19,-20.87,0.11,ACCURACY_VERYGOOD
1267,131700.0,-16.92,-19.85,-0.89,ACCURACY_VERYGOOD
1268,131800.0,-16.92,-19.85,-0.89,ACCURACY_VERYGOOD
1269,131900.0,-12.0,-21.29,1.43,ACCURACY_VERYGOOD
1270,132000.0,-12.0,-21.29,1.43,ACCURACY_VERYGOOD
1271,132100.0,-18.29,-19.97,4.01,ACCURACY_VERYGOOD
1272,132200.0,-18.29,-19.97,4.01,ACCURACY_VERYGOOD
1273,132300.0,-18.29,-19.97,4.01,ACCURACY_VERYGOOD
1274,132400.0,-17.57,-18.95,12.05,ACCURACY_VERYGOOD
1275,132500.0,-17.57,-18.95,12.05,ACCURACY_VERYGOOD
1276,132600.0,-17.57,-18.95,12.05,ACCURACY_VERYGOOD
1277,132700.0,-10.61,-20.87,15.77,ACCURACY_VERYGOOD
1278,132800.0,-10.61,-20.87,15.77,ACCURACY_VERYGOOD
1279,132900.0,-10.61,-20.87,15.77,ACCURACY_VERYGOOD
1280,133000.0,-9.23,-19.43,13.38,ACCURACY_VERYGOOD
1281,133100.0,-9.23,-19.43,13.38,ACCURACY_VERYGOOD
1282,133200.0,-9.23,-19.43,13.38,ACCURACY_VERYGOOD
1283,133300.0,-16.92,-15.42,16.85,ACCURACY_VERYGOOD
1284,133400.0,-16.92,-15.42,16.85,ACCURACY_VERYGOOD
1285,133500.0,-17.57,-12.96,20.45,ACCURACY_VERYGOOD
1286,133600.0,-17.57,-12.96,20.45,ACCURACY_VERYGOOD
1287,133700.0,-17.57,-12.96,20.45,ACCURACY_VERYGOOD
1288,133800.0,-9.96,-16.19,21.53,ACCURACY_VERYGOOD
1289,133900.0,-9.96,-16.19,21.53,ACCURACY_VERYGOOD
1290,134000.0,-9.96,-16.19,21.53,ACCURACY_VERYGOOD
1291,134100.0,-1.55,-20.57,19.37,ACCURACY_VERYGOOD
1292,134200.0,-1.55,-20.57,19.37,ACCURACY_VERYGOOD
1293,134300.0,3.24,-20.39,18.77,ACCURACY_VERYGOOD
1294,134400.0,3.24,-20.39,18.77,ACCURACY_VERYGOOD
1295,134500.0,6.05,-19.55,18.35,ACCURACY_VERYGOOD
1296,134600.0,6.05,-19.55,18.35,ACCURACY_VERYGOOD
1297,134700.0,6.05,-19.55,18.35,ACCURACY_VERYGOOD
1298,134800.0,13.73,-17.03,10.61,ACCURACY_VERYGOOD
1299,134900.0,13.73,-17.03,10.61,ACCURACY_VERYGOOD
1300,135000.0,12.3,-21.0,9.35,ACCURACY_VERYGOOD
1301,135100.0,12.3,-21.0,9.35,ACCURACY_VERYGOOD
1302,135200.0,12.3,-21.0,9.35,ACCURACY_VERYGOOD
1303,135300.0,1.86,-23.81,11.27,ACCURACY_VERYGOOD
1304,135400.0,1.86,-23.81,11.27,ACCURACY_VERYGOOD
1305,135500.0,1.86,-23.81,11.27,ACCURACY_VERYGOOD
1306,135600.0,-5.75,-25.61,7.85,ACCURACY_VERYGOOD
1307,135700.0,-5.75,-25.61,7.85,ACCURACY_VERYGOOD
1308,135800.0,-5.75,-25.61,7.85,ACCURACY_VERYGOOD
1309,135900.0,7.44,-24.35,1.79,ACCURACY_VERYGOOD
1310,136000.0,7.44,-24.35,1.79,ACCURACY_VERYGOOD
1311,136100.0,7.44,-24.35,1.79,ACCURACY_VERYGOOD
1312,136200.0,15.83,-19.92,6.11,ACCURACY_VERYGOOD
1313,136300.0,15.83,-19.92,6.11,ACCURACY_VERYGOOD
1314,136400.0,12.3,-20.15,4.61,ACCURACY_VERYGOOD
1315,136500.0,12.3,-20.15,4.61,ACCURACY_VERYGOOD
1316,136600.0,12.3,-20.15,4.61,ACCURACY_VERYGOOD
1317,136700.0,3.95,-22.73,-5.33,ACCURACY_VERYGOOD
1318,136800.0,3.95,-22.73,-5.33,ACCURACY_VERYGOOD
1319,136900.0,-3.65,-21.77,-12.77,ACCURACY_VERYGOOD
1320,137000.0,-3.65,-21.77,-12.77,ACCURACY_VERYGOOD
1321,137100.0,-3.65,-21.77,-12.77,ACCURACY_VERYGOOD
1322,137200.0,-15.53,-20.15,-6.59,ACCURACY_VERYGOOD
1323,137300.0,-15.53,-20.15,-6.59,ACCURACY_VERYGOOD
1324,137400.0,-15.53,-20.15,-6.59,ACCURACY_VERYGOOD
1325,137500.0,-18.29,-19.55,-10.67,ACCURACY_VERYGOOD
1326,137600.0,-18.29,-19.55,-10.67,ACCURACY_VERYGOOD
1327,137700.0,-18.29,-19.55,-10.67,ACCURACY_VERYGOOD
1328,137800.0,-16.19,-19.26,-2.81,ACCURACY_VERYGOOD
1329,137900.0,-16.19,-19.26,-2.81,ACCURACY_VERYGOOD
1330,138000.0,-16.19,-19.26,-2.81,ACCURACY_VERYGOOD
1331,138100.0,-21.11,-18.84,5.03,ACCURACY_VERYGOOD
1332,138200.0,-21.11,-18.84,5.03,ACCURACY_VERYGOOD
1333,138300.0,-17.57,-17.69,12.53,ACCURACY_VERYGOOD
1334,138400.0,-17.57,-17.69,12.53,ACCURACY_VERYGOOD
1335,138500.0,-16.92,-14.69,19.13,ACCURACY_VERYGOOD
1336,138600.0,-16.92,-14.69,19.13,ACCURACY_VERYGOOD
1337,138700.0,-16.92,-14.69,19.13,ACCURACY_VERYGOOD
1338,138800.0,-9.96,-22.43,13.79,ACCURACY_VERYGOOD
1339,138900.0,-9.96,-22.43,13.79,ACCURACY_VERYGOOD
1340,139000.0,-9.96,-22.43,13.79,ACCURACY_VERYGOOD
1341,139100.0,-14.81,-19.68,-3.65,ACCURACY_VERYGOOD
1342,139200.0,-14.81,-19.68,-3.65,ACCURACY_VERYGOOD
1343,139300.0,-14.81,-19.68,-3.65,ACCURACY_VERYGOOD
1344,139400.0,-25.26,-12.65,-2.81,ACCURACY_VERYGOOD
1345,139500.0,-25.26,-12.65,-2.81,ACCURACY_VERYGOOD
1346,139600.0,-25.26,-12.65,-2.81,ACCURACY_VERYGOOD
1347,139700.0,-22.5,-13.31,8.22,ACCURACY_VERYGOOD
1348,139800.0,-22.5,-13.31,8.22,ACCURACY_VERYGOOD
1349,139900.0,-23.15,-12.65,10.61,ACCURACY_VERYGOOD
1350,140000.0,-23.15,-12.65,10.61,ACCURACY_VERYGOOD
1351,140100.0,-23.15,-12.65,10.61,ACCURACY_VERYGOOD
1352,140200.0,-18.29,-19.68,9.77,ACCURACY_VERYGOOD
1353,140300.0,-18.29,-19.68,9.77,ACCURACY_VERYGOOD
1354,140400.0,-12.0,-22.5,9.53,ACCURACY_VERYGOOD
1355,140500.0,-12.0,-22.5,9.53,ACCURACY_VERYGOOD
1356,140600.0,-13.43,-20.52,1.01,ACCURACY_VERYGOOD
1357,140700.0,-13.43,-20.52,1.01,ACCURACY_VERYGOOD
1358,140800.0,-23.15,-18.35,8.03,ACCURACY_VERYGOOD
1359,140900.0,-23.15,-18.35,8.03,ACCURACY_VERYGOOD
1360,141000.0,-23.15,-18.35,8.03,ACCURACY_VERYGOOD
1361,141100.0,-18.29,-15.42,14.69,ACCURACY_VERYGOOD
1362,141200.0,-18.29,-15.42,14.69,ACCURACY_VERYGOOD
1363,141300.0,-16.19,-13.85,18.71,ACCURACY_VERYGOOD
1364,141400.0,-16.19,-13.85,18.71,ACCURACY_VERYGOOD
1365,141500.0,-12.71,-17.52,23.21,ACCURACY_VERYGOOD
1366,141600.0,-12.71,-17.52,23.21,ACCURACY_VERYGOOD
1367,141700.0,-12.71,-17.52,23.21,ACCURACY_VERYGOOD
1368,141800.0,-1.55,-20.87,17.87,ACCURACY_VERYGOOD
1369,141900.0,-1.55,-20.87,17.87,ACCURACY_VERYGOOD
1370,142000.0,-1.55,-20.87,17.87,ACCURACY_VERYGOOD
1371,142100.0,3.95,-23.27,14.27,ACCURACY_VERYGOOD
1372,142200.0,3.95,-23.27,14.27,ACCURACY_VERYGOOD
1373,142300.0,3.95,-23.27,14.27,ACCURACY_VERYGOOD
1374,142400.0,4.67,-25.37,7.13,ACCURACY_VERYGOOD
1375,142500.0,4.67,-25.37,7.13,ACCURACY_VERYGOOD
1376,142600.0,4.67,-25.37,7.13,ACCURACY_VERYGOOD
1377,142700.0,-9.96,-26.93,7.44,ACCURACY_VERYGOOD
1378,142800.0,-9.96,-26.93,7.44,ACCURACY_VERYGOOD
1379,142900.0,-11.34,-26.03,9.11,ACCURACY_VERYGOOD
1380,143000.0,-11.34,-26.03,9.11,ACCURACY_VERYGOOD
1381,143100.0,-11.34,-26.03,9.11,ACCURACY_VERYGOOD
1382,143200.0,-1.55,-25.79,8.46,ACCURACY_VERYGOOD
1383,143300.0,-1.55,-25.79,8.46,ACCURACY_VERYGOOD
1384,143400.0,6.05,-23.27,14.27,ACCURACY_VERYGOOD
1385,143500.0,6.05,-23.27,14.27,ACCURACY_VERYGOOD
1386,143600.0,2.57,-24.6,15.96,ACCURACY_VERYGOOD
1387,143700.0,2.57,-24.6,15.96,ACCURACY_VERYGOOD
1388,143800.0,2.57,-24.6,15.96,ACCURACY_VERYGOOD
1389,143900.0,2.57,-24.6,15.96,ACCURACY_VERYGOOD
1390,144000.0,-17.57,-23.45,19.13,ACCURACY_VERYGOOD
1391,144100.0,-17.57,-23.45,19.13,ACCURACY_VERYGOOD
1392,144200.0,-18.29,-16.44,20.03,ACCURACY_VERYGOOD
1393,144300.0,-18.29,-16.44,20.03,ACCURACY_VERYGOOD
1394,144400.0,-19.02,-14.88,24.05,ACCURACY_VERYGOOD
1395,144500.0,-19.02,-14.88,24.05,ACCURACY_VERYGOOD
1396,144600.0,-19.02,-14.88,24.05,ACCURACY_VERYGOOD
1397,144700.0,-19.02,-14.88,24.05,ACCURACY_VERYGOOD
1398,144800.0,-7.85,-11.88,32.88,ACCURACY_VERYGOOD
1399,144900.0,-7.85,-11.88,32.88,ACCURACY_VERYGOOD
1400,145000.0,-7.13,-2.75,35.88,ACCURACY_VERYGOOD
1401,145100.0,-7.13,-2.75,35.88,ACCURACY_VERYGOOD
1402,145200.0,-7.13,-2.75,35.88,ACCURACY_VERYGOOD
1403,145300.0,-21.77,1.97,32.39,ACCURACY_VERYGOOD
1404,145400.0,-21.77,1.97,32.39,ACCURACY_VERYGOOD
1405,145500.0,-21.77,1.97,32.39,ACCURACY_VERYGOOD
1406,145600.0,-28.73,7.98,25.13,ACCURACY_VERYGOOD
1407,145700.0,-28.73,7.98,25.13,ACCURACY_VERYGOOD
1408,145800.0,-28.73,7.98,25.13,ACCURACY_VERYGOOD
1409,145900.0,-28.73,7.98,25.13,ACCURACY_VERYGOOD
1410,146000.0,-25.92,4.92,25.55,ACCURACY_VERYGOOD
1411,146100.0,-25.92,4.92,25.55,ACCURACY_VERYGOOD
1412,146200.0,-25.07,14.34,27.84,ACCURACY_VERYGOOD
1413,146300.0,-25.07,14.34,27.84,ACCURACY_VERYGOOD
1414,146400.0,-17.94,27.53,25.01,ACCURACY_VERYGOOD
1415,146500.0,-17.94,27.53,25.01,ACCURACY_VERYGOOD
1416,146600.0,-17.94,27.53,25.01,ACCURACY_VERYGOOD
1417,146700.0,-12.96,27.35,24.95,ACCURACY_VERYGOOD
1418,146800.0,-12.96,27.35,24.95,ACCURACY_VERYGOOD
1419,146900.0,-8.03,21.84,30.23,ACCURACY_VERYGOOD
1420,147000.0,-8.03,21.84,30.23,ACCURACY_VERYGOOD
1421,147100.0,-8.03,21.84,30.23,ACCURACY_VERYGOOD
1422,147200.0,-3.11,16.5,35.57,ACCURACY_VERYGOOD
1423,147300.0,-3.11,16.5,35.57,ACCURACY_VERYGOOD
1424,147400.0,-2.39,1.86,35.7,ACCURACY_VERYGOOD
1425,147500.0,-2.39,1.86,35.7,ACCURACY_VERYGOOD
1426,147600.0,-2.39,1.86,35.7,ACCURACY_VERYGOOD
1427,147700.0,-4.5,-1.62,35.34,ACCURACY_VERYGOOD
1428,147800.0,-4.5,-1.62,35.34,ACCURACY_VERYGOOD
1429,147900.0,-4.5,-1.62,35.34,ACCURACY_VERYGOOD
1430,148000.0,-11.46,1.62,36.36,ACCURACY_VERYGOOD
1431,148100.0,-11.46,1.62,36.36,ACCURACY_VERYGOOD
1432,148200.0,-11.46,1.62,36.36,ACCURACY_VERYGOOD
1433,148300.0,-11.46,1.62,36.36,ACCURACY_VERYGOOD
1434,148400.0,-21.84,7.61,31.13,ACCURACY_VERYGOOD
1435,148500.0,-21.84,7.61,31.13,ACCURACY_VERYGOOD
1436,148600.0,-27.35,12.11,26.21,ACCURACY_VERYGOOD
1437,148700.0,-27.35,12.11,26.21,ACCURACY_VERYGOOD
1438,148800.0,-23.87,17.81,24.47,ACCURACY_VERYGOOD
1439,148900.0,-23.87,17.81,24.47,ACCURACY_VERYGOOD
1440,149000.0,-23.87,17.81,24.47,ACCURACY_VERYGOOD
1441,149100.0,-25.13,21.84,20.81,ACCURACY_VERYGOOD
1442,149200.0,-25.13,21.84,20.81,ACCURACY_VERYGOOD
1443,149300.0,-17.39,30.17,15.11,ACCURACY_VERYGOOD
1444,149400.0,-17.39,30.17,15.11,ACCURACY_VERYGOOD
1445,149500.0,-17.39,30.17,15.11,ACCURACY_VERYGOOD
1446,149600.0,-12.47,30.17,17.21,ACCURACY_VERYGOOD
1447,149700.0,-12.47,30.17,17.21,ACCURACY_VERYGOOD
1448,149800.0,-8.93,32.15,19.97,ACCURACY_VERYGOOD
1449,149900.0,-8.93,32.15,19.97,ACCURACY_VERYGOOD
1450,150000.0,-8.93,32.15,19.97,ACCURACY_VERYGOOD
1451,150100.0,0.71,27.65,24.89,ACCURACY_VERYGOOD
1452,150200.0,0.71,27.65,24.89,ACCURACY_VERYGOOD
1453,150300.0,3.53,20.21,29.57,ACCURACY_VERYGOOD
1454,150400.0,3.53,20.21,29.57,ACCURACY_VERYGOOD
1455,150500.0,3.53,20.21,29.57,ACCURACY_VERYGOOD
1456,150600.0,8.34,31.5,16.85,ACCURACY_VERYGOOD
1457,150700.0,8.34,31.5,16.85,ACCURACY_VERYGOOD
1458,150800.0,8.34,31.5,16.85,ACCURACY_VERYGOOD
1459,150900.0,11.09,32.57,4.5,ACCURACY_VERYGOOD
1460,151000.0,11.09,32.57,4.5,ACCURACY_VERYGOOD
1461,151100.0,11.09,32.57,4.5,ACCURACY_VERYGOOD
1462,151200.0,16.02,15.47,25.85,ACCURACY_VERYGOOD
1463,151300.0,16.02,15.47,25.85,ACCURACY_VERYGOOD
1464,151400.0,16.02,15.47,25.85,ACCURACY_VERYGOOD
1465,151500.0,18.11,5.87,26.27,ACCURACY_VERYGOOD
1466,151600.0,18.11,5.87,26.27,ACCURACY_VERYGOOD
1467,151700.0,19.55,8.63,22.26,ACCURACY_VERYGOOD
1468,151800.0,19.55,8.63,22.26,ACCURACY_VERYGOOD
1469,151900.0,21.0,7.01,18.23,ACCURACY_VERYGOOD
1470,152000.0,21.0,7.01,18.23,ACCURACY_VERYGOOD
1471,152100.0,21.0,7.01,18.23,ACCURACY_VERYGOOD
1472,152200.0,15.47,11.69,24.05,ACCURACY_VERYGOOD
1473,152300.0,15.47,11.69,24.05,ACCURACY_VERYGOOD
1474,152400.0,12.0,16.61,29.21,ACCURACY_VERYGOOD
1475,152500.0,12.0,16.61,29.21,ACCURACY_VERYGOOD
1476,152600.0,12.0,16.61,29.21,ACCURACY_VERYGOOD
1477,152700.0,15.47,12.65,27.95,ACCURACY_VERYGOOD
1478,152800.0,15.47,12.65,27.95,ACCURACY_VERYGOOD
1479,152900.0,22.55,5.33,17.1,ACCURACY_VERYGOOD
1480,153000.0,22.55,5.33,17.1,ACCURACY_VERYGOOD
1481,153100.0,23.27,8.34,16.61,ACCURACY_VERYGOOD
1482,153200.0,23.27,8.34,16.61,ACCURACY_VERYGOOD
1483,153300.0,23.27,8.34,16.61,ACCURACY_VERYGOOD
1484,153400.0,15.0,17.03,25.92,ACCURACY_VERYGOOD
1485,153500.0,15.0,17.03,25.92,ACCURACY_VERYGOOD
1486,153600.0,15.0,17.03,25.92,ACCURACY_VERYGOOD
1487,153700.0,10.85,19.07,30.77,ACCURACY_VERYGOOD
1488,153800.0,10.85,19.07,30.77,ACCURACY_VERYGOOD
1489,153900.0,10.85,19.07,30.77,ACCURACY_VERYGOOD
1490,154000.0,11.51,33.05,7.73,ACCURACY_VERYGOOD
1491,154100.0,11.51,33.05,7.73,ACCURACY_VERYGOOD
1492,154200.0,11.51,33.05,7.73,ACCURACY_VERYGOOD
1493,154300.0,1.67,19.97,-23.51,ACCURACY_VERYGOOD
1494,154400.0,1.67,19.97,-23.51,ACCURACY_VERYGOOD
1495,154500.0,1.67,19.97,-23.51,ACCURACY_VERYGOOD
1496,154600.0,-2.63,-7.44,-26.57,ACCURACY_VERYGOOD
1497,154700.0,-2.63,-7.44,-26.57,ACCURACY_VERYGOOD
1498,154800.0,-2.63,-7.44,-26.57,ACCURACY_VERYGOOD
1499,154900.0,5.63,-13.31,-22.19,ACCURACY_VERYGOOD
1500,155000.0,5.63,-13.31,-22.19,ACCURACY_VERYGOOD
1501,155100.0,10.5,-14.69,-22.73,ACCURACY_VERYGOOD
1502,155200.0,10.5,-14.69,-22.73,ACCURACY_VERYGOOD
1503,155300.0,10.5,-14.69,-22.73,ACCURACY_VERYGOOD
1504,155400.0,9.11,-18.29,-16.13,ACCURACY_VERYGOOD
1505,155500.0,9.11,-18.29,-16.13,ACCURACY_VERYGOOD
1506,155600.0,9.11,-18.29,-16.13,ACCURACY_VERYGOOD
1507,155700.0,-4.13,-21.95,-16.73,ACCURACY_VERYGOOD
1508,155800.0,-4.13,-21.95,-16.73,ACCURACY_VERYGOOD
1509,155900.0,-4.13,-21.95,-16.73,ACCURACY_VERYGOOD
1510,156000.0,-11.27,-24.29,-5.63,ACCURACY_VERYGOOD
1511,156100.0,-11.27,-24.29,-5.63,ACCURACY_VERYGOOD
1512,156200.0,-11.27,-24.29,-5.63,ACCURACY_VERYGOOD
1513,156300.0,-5.03,-26.93,-4.31,ACCURACY_VERYGOOD
1514,156400.0,-5.03,-26.93,-4.31,ACCURACY_VERYGOOD
1515,156500.0,2.51,-25.61,-6.71,ACCURACY_VERYGOOD
1516,156600.0,2.51,-25.61,-6.71,ACCURACY_VERYGOOD
1517,156700.0,2.51,-25.61,-6.71,ACCURACY_VERYGOOD
1518,156800.0,8.88,-26.21,1.55,ACCURACY_VERYGOOD
1519,156900.0,8.88,-26.21,1.55,ACCURACY_VERYGOOD
1520,157000.0,8.88,-26.21,1.55,ACCURACY_VERYGOOD
1521,157100.0,6.77,-27.0,-5.03,ACCURACY_VERYGOOD
1522,157200.0,6.77,-27.0,-5.03,ACCURACY_VERYGOOD
1523,157300.0,6.77,-27.0,-5.03,ACCURACY_VERYGOOD
1524,157400.0,-3.65,-25.5,-10.26,ACCURACY_VERYGOOD
1525,157500.0,-3.65,-25.5,-10.26,ACCURACY_VERYGOOD
1526,157600.0,-3.65,-25.5,-10.26,ACCURACY_VERYGOOD
1527,157700.0,-19.13,-20.93,-4.55,ACCURACY_VERYGOOD
1528,157800.0,-19.13,-20.93,-4.55,ACCURACY_VERYGOOD
1529,157900.0,-19.13,-20.93,-4.55,ACCURACY_VERYGOOD
1530,158000.0,-19.19,-18.77,8.81,ACCURACY_VERYGOOD
1531,158100.0,-19.19,-18.77,8.81,ACCURACY_VERYGOOD
1532,158200.0,-19.19,-18.77,8.81,ACCURACY_VERYGOOD
1533,158300.0,-15.83,-13.92,16.07,ACCURACY_VERYGOOD
1534,158400.0,-15.83,-13.92,16.07,ACCURACY_VERYGOOD
1535,158500.0,-15.83,-13.92,16.07,ACCURACY_VERYGOOD
1536,158600.0,-8.27,-20.93,17.45,ACCURACY_VERYGOOD
1537,158700.0,-8.27,-20.93,17.45,ACCURACY_VERYGOOD
1538,158800.0,-1.97,-23.03,12.53,ACCURACY_VERYGOOD
1539,158900.0,-1.97,-23.03,12.53,ACCURACY_VERYGOOD
1540,159000.0,-1.97,-23.03,12.53,ACCURACY_VERYGOOD
1541,159100.0,0.71,-25.07,11.93,ACCURACY_VERYGOOD
1542,159200.0,0.71,-25.07,11.93,ACCURACY_VERYGOOD
1543,159300.0,-0.59,-23.76,12.35,ACCURACY_VERYGOOD
1544,159400.0,-0.59,-23.76,12.35,ACCURACY_VERYGOOD
1545,159500.0,-10.38,-23.57,11.69,ACCURACY_VERYGOOD
1546,159600.0,-10.38,-23.57,11.69,ACCURACY_VERYGOOD
1547,159700.0,-10.38,-23.57,11.69,ACCURACY_VERYGOOD
1548,159800.0,-23.03,-19.02,4.01,ACCURACY_VERYGOOD
1549,159900.0,-23.03,-19.02,4.01,ACCURACY_VERYGOOD
1550,160000.0,-23.03,-19.02,4.01,ACCURACY_VERYGOOD
1551,160100.0,-29.39,-10.19,8.34,ACCURACY_VERYGOOD
1552,160200.0,-29.39,-10.19,8.34,ACCURACY_VERYGOOD
1553,160300.0,-29.39,-10.19,8.34,ACCURACY_VERYGOOD
1554,160400.0,-26.63,-9.65,13.43,ACCURACY_VERYGOOD
1555,160500.0,-26.63,-9.65,13.43,ACCURACY_VERYGOOD
1556,160600.0,-26.63,-9.65,13.43,ACCURACY_VERYGOOD
1557,160700.0,-23.93,-3.29,20.45,ACCURACY_VERYGOOD
1558,160800.0,-23.93,-3.29,20.45,ACCURACY_VERYGOOD
1559,160900.0,-23.93,-3.29,20.45,ACCURACY_VERYGOOD
1560,161000.0,-16.26,-5.57,25.43,ACCURACY_VERYGOOD
1561,161100.0,-16.26,-5.57,25.43,ACCURACY_VERYGOOD
1562,161200.0,-16.26,-5.57,25.43,ACCURACY_VERYGOOD
1563,161300.0,-11.46,-15.23,23.76,ACCURACY_VERYGOOD
1564,161400.0,-11.46,-15.23,23.76,ACCURACY_VERYGOOD
1565,161500.0,-11.46,-15.23,23.76,ACCURACY_VERYGOOD
1566,161600.0,-1.01,-25.97,11.81,ACCURACY_VERYGOOD
1567,161700.0,-1.01,-25.97,11.81,ACCURACY_VERYGOOD
1568,161800.0,-1.01,-25.97,11.81,ACCURACY_VERYGOOD
1569,161900.0,-5.87,-29.34,-0.47,ACCURACY_VERYGOOD
1570,162000.0,-5.87,-29.34,-0.47,ACCURACY_VERYGOOD
1571,162100.0,-5.87,-29.34,-0.47,ACCURACY_VERYGOOD
1572,162200.0,-10.07,-23.93,11.88,ACCURACY_VERYGOOD
1573,162300.0,-10.07,-23.93,11.88,ACCURACY_VERYGOOD
1574,162400.0,-11.46,-27.71,7.79,ACCURACY_VERYGOOD
1575,162500.0,-11.46,-27.71,7.79,ACCURACY_VERYGOOD
1576,162600.0,-13.55,-29.09,5.21,ACCURACY_VERYGOOD
1577,162700.0,-13.55,-29.09,5.21,ACCURACY_VERYGOOD
1578,162800.0,-13.55,-29.09,5.21,ACCURACY_VERYGOOD
1579,162900.0,-13.55,-27.59,2.87,ACCURACY_VERYGOOD
1580,163000.0,-13.55,-27.59,2.87,ACCURACY_VERYGOOD
1581,163100.0,-13.55,-27.29,8.63,ACCURACY_VERYGOOD
1582,163200.0,-13.55,-27.29,8.63,ACCURACY_VERYGOOD
1583,163300.0,-13.55,-27.29,8.63,ACCURACY_VERYGOOD
1584,163400.0,-5.94,-24.18,16.79,ACCURACY_VERYGOOD
1585,163500.0,-5.94,-24.18,16.79,ACCURACY_VERYGOOD
1586,163600.0,-3.11,-25.5,16.37,ACCURACY_VERYGOOD
1587,163700.0,-3.11,-25.5,16.37,ACCURACY_VERYGOOD
1588,163800.0,-7.31,-29.27,12.35,ACCURACY_VERYGOOD
1589,163900.0,-7.31,-29.27,12.35,ACCURACY_VERYGOOD
1590,164000.0,-7.31,-29.27,12.35,ACCURACY_VERYGOOD
1591,164100.0,-14.27,-26.27,7.61,ACCURACY_VERYGOOD
1592,164200.0,-14.27,-26.27,7.61,ACCURACY_VERYGOOD
1593,164300.0,-10.8,-28.26,9.11,ACCURACY_VERYGOOD
1594,164400.0,-10.8,-28.26,9.11,ACCURACY_VERYGOOD
1595,164500.0,-10.8,-28.26,9.11,ACCURACY_VERYGOOD
1596,164600.0,-3.83,-28.26,13.38,ACCURACY_VERYGOOD
1597,164700.0,-3.83,-28.26,13.38,ACCURACY_VERYGOOD
1598,164800.0,-3.83,-28.26,13.38,ACCURACY_VERYGOOD
1599,164900.0,-0.35,-25.97,17.69,ACCURACY_VERYGOOD
1600,165000.0,-0.35,-25.97,17.69,ACCURACY_VERYGOOD
1601,165100.0,-0.35,-25.97,17.69,ACCURACY_VERYGOOD
1602,165200.0,-5.21,-26.69,19.61,ACCURACY_VERYGOOD
1603,165300.0,-5.21,-26.69,19.61,ACCURACY_VERYGOOD
1604,165400.0,-5.21,-26.69,19.61,ACCURACY_VERYGOOD
1605,165500.0,-13.61,-30.35,6.35,ACCURACY_VERYGOOD
1606,165600.0,-13.61,-30.35,6.35,ACCURACY_VERYGOOD
1607,165700.0,-13.61,-30.35,6.35,ACCURACY_VERYGOOD
1608,165800.0,-14.27,-29.81,2.33,ACCURACY_VERYGOOD
1609,165900.0,-14.27,-29.81,2.33,ACCURACY_VERYGOOD
1610,166000.0,-14.27,-29.81,2.33,ACCURACY_VERYGOOD
1611,166100.0,-7.31,-29.63,-2.57,ACCURACY_VERYGOOD
1612,166200.0,-7.31,-29.63,-2.57,ACCURACY_VERYGOOD
1613,166300.0,-7.31,-29.63,-2.57,ACCURACY_VERYGOOD
1614,166400.0,-10.13,-28.26,6.35,ACCURACY_VERYGOOD
1615,166500.0,-10.13,-28.26,6.35,ACCURACY_VERYGOOD
1616,166600.0,-10.13,-28.26,6.35,ACCURACY_VERYGOOD
1617,166700.0,-5.94,-27.89,14.27,ACCURACY_VERYGOOD
1618,166800.0,-5.94,-27.89,14.27,ACCURACY_VERYGOOD
1619,166900.0,-5.94,-27.89,14.27,ACCURACY_VERYGOOD
1620,167000.0,-2.46,-28.31,15.53,ACCURACY_VERYGOOD
1621,167100.0,-2.46,-28.31,15.53,ACCURACY_VERYGOOD
1622,167200.0,-2.46,-28.31,15.53,ACCURACY_VERYGOOD
1623,167300.0,-15.71,-29.76,10.85,ACCURACY_VERYGOOD
1624,167400.0,-15.71,-29.76,10.85,ACCURACY_VERYGOOD
1625,167500.0,-15.71,-29.76,10.85,ACCURACY_VERYGOOD
1626,167600.0,-23.39,-21.71,4.25,ACCURACY_VERYGOOD
1627,167700.0,-23.39,-21.71,4.25,ACCURACY_VERYGOOD
1628,167800.0,-24.77,-19.68,11.27,ACCURACY_VERYGOOD
1629,167900.0,-24.77,-19.68,11.27,ACCURACY_VERYGOOD
1630,168000.0,-24.77,-19.68,11.27,ACCURACY_VERYGOOD
1631,168100.0,-16.44,-19.19,16.44,ACCURACY_VERYGOOD
1632,168200.0,-16.44,-19.19,16.44,ACCURACY_VERYGOOD
1633,168300.0,-10.85,-24.6,17.52,ACCURACY_VERYGOOD
1634,168400.0,-10.85,-24.6,17.52,ACCURACY_VERYGOOD
1635,168500.0,-10.85,-24.6,17.52,ACCURACY_VERYGOOD
1636,168600.0,-3.17,-27.35,12.42,ACCURACY_VERYGOOD
1637,168700.0,-3.17,-27.35,12.42,ACCURACY_VERYGOOD
1638,168800.0,-3.17,-27.35,12.42,ACCURACY_VERYGOOD
1639,168900.0,-0.41,-27.59,13.07,ACCURACY_VERYGOOD
1640,169000.0,-0.41,-27.59,13.07,ACCURACY_VERYGOOD
1641,169100.0,-4.61,-27.77,15.83,ACCURACY_VERYGOOD
1642,169200.0,-4.61,-27.77,15.83,ACCURACY_VERYGOOD
1643,169300.0,-4.61,-27.77,15.83,ACCURACY_VERYGOOD
1644,169400.0,-18.53,-24.11,11.34,ACCURACY_VERYGOOD
1645,169500.0,-18.53,-24.11,11.34,ACCURACY_VERYGOOD
1646,169600.0,-18.53,-24.11,11.34,ACCURACY_VERYGOOD
1647,169700.0,-24.18,-22.26,5.57,ACCURACY_VERYGOOD
1648,169800.0,-24.18,-22.26,5.57,ACCURACY_VERYGOOD
1649,169900.0,-24.18,-22.26,5.57,ACCURACY_VERYGOOD
1650,170000.0,-15.83,-25.26,10.31,ACCURACY_VERYGOOD
1651,170100.0,-15.83,-25.26,10.31,ACCURACY_VERYGOOD
1652,170200.0,-8.15,-27.29,9.65,ACCURACY_VERYGOOD
1653,170300.0,-8.15,-27.29,9.65,ACCURACY_VERYGOOD
1654,170400.0,-8.15,-27.29,9.65,ACCURACY_VERYGOOD
1655,170500.0,1.55,-26.45,9.23,ACCURACY_VERYGOOD
1656,170600.0,1.55,-26.45,9.23,ACCURACY_VERYGOOD
1657,170700.0,4.38,-26.63,9.84,ACCURACY_VERYGOOD
1658,170800.0,4.38,-26.63,9.84,ACCURACY_VERYGOOD
1659,170900.0,4.38,-26.63,9.84,ACCURACY_VERYGOOD
1660,171000.0,0.89,-28.26,7.91,ACCURACY_VERYGOOD
1661,171100.0,0.89,-28.26,7.91,ACCURACY_VERYGOOD
1662,171200.0,0.89,-28.26,7.91,ACCURACY_VERYGOOD
1663,171300.0,-14.39,-28.79,2.81,ACCURACY_VERYGOOD
1664,171400.0,-14.39,-28.79,2.81,ACCURACY_VERYGOOD
1665,171500.0,-18.6,-26.63,2.75,ACCURACY_VERYGOOD
1666,171600.0,-18.6,-26.63,2.75,ACCURACY_VERYGOOD
1667,171700.0,-18.6,-26.63,2.75,ACCURACY_VERYGOOD
1668,171800.0,-15.05,-28.79,4.92,ACCURACY_VERYGOOD
1669,171900.0,-15.05,-28.79,4.92,ACCURACY_VERYGOOD
1670,172000.0,-15.05,-28.79,4.92,ACCURACY_VERYGOOD
1671,172100.0,-3.24,-29.87,6.0,ACCURACY_VERYGOOD
1672,172200.0,-3.24,-29.87,6.0,ACCURACY_VERYGOOD
1673,172300.0,-3.24,-29.87,6.0,ACCURACY_VERYGOOD
1674,172400.0,4.38,-28.55,8.57,ACCURACY_VERYGOOD
1675,172500.0,4.38,-28.55,8.57,ACCURACY_VERYGOOD
1676,172600.0,4.38,-28.55,8.57,ACCURACY_VERYGOOD
1677,172700.0,3.0,-29.03,7.73,ACCURACY_VERYGOOD
1678,172800.0,3.0,-29.03,7.73,ACCURACY_VERYGOOD
1679,172900.0,3.0,-29.03,7.73,ACCURACY_VERYGOOD
1680,173000.0,-8.76,-28.55,-0.53,ACCURACY_VERYGOOD
1681,173100.0,-8.76,-28.55,-0.53,ACCURACY_VERYGOOD
1682,173200.0,-8.76,-28.55,-0.53,ACCURACY_VERYGOOD
1683,173300.0,-16.5,-24.0,0.83,ACCURACY_VERYGOOD
1684,173400.0,-16.5,-24.0,0.83,ACCURACY_VERYGOOD
1685,173500.0,-16.5,-24.0,0.83,ACCURACY_VERYGOOD
1686,173600.0,-17.87,-24.29,8.57,ACCURACY_VERYGOOD
1687,173700.0,-17.87,-24.29,8.57,ACCURACY_VERYGOOD
1688,173800.0,-17.87,-24.29,8.57,ACCURACY_VERYGOOD
1689,173900.0,-10.26,-19.97,17.76,ACCURACY_VERYGOOD
1690,174000.0,-10.26,-19.97,17.76,ACCURACY_VERYGOOD
1691,174100.0,-10.26,-19.97,17.76,ACCURACY_VERYGOOD
1692,174200.0,-3.29,-23.27,21.05,ACCURACY_VERYGOOD
1693,174300.0,-3.29,-23.27,21.05,ACCURACY_VERYGOOD
1694,174400.0,-3.29,-23.27,21.05,ACCURACY_VERYGOOD
